datetime,content,text
2023-05-05 02:49:47+00:00,"Tafsir Tergantung Situasi Dan Hati Nurani Yang Mentafsirkan.

1. BISA JADI PAK ANIES BASWEDA BAKAL Tercapai Keinginan.
2. Bisa Jaga Tanda2 Bakal Di Usung KANDA.
3. CUMA KEMBANG TIDUR KARENA Sering Membicarakan Jadi Terbawa Mimpi.

Jangan Marah Ya Kan Cuma Sampaiikan Pendapat.https://t.co/qwyqczczal",tafsir gantung situasi hati nurani tafsir anies basweda capai jaga tanda usung kanda kembang tidur bicara bawa mimpi marah iya sampaiikan dapat
2023-05-04 04:44:34+00:00,Masinton Pdip Marah Jokowi Dibilang Jegal Anies Baswedan Dan Sandera Pihak Tertentu https://t.co/tj9rwlwkab,masinton pdip marah jokowi bilang jegal anies baswedan sandera
2023-05-02 07:50:55+00:00,"@lingge_yohanes @detikcom Anies Baswedan tentunya seorang pemimpin yang berkualitas dan berprestasi, termasuk memperoleh pujian dari sekjen PBB

Disamping beliau juga sosok yang penyabar walau sring dihina dn difitnah lawan politiknya

Sedangkan Ahok hobinya cuma marah-marah",anies baswedan pimpin kualitas prestasi oleh puji sekjen pbb samping beliau sosok sabar sring hina fitnah lawan politik ahok hobi marahmarah
2023-05-02 07:14:10+00:00,"Anies Baswedan Membela Kaum Buruh, Dan Kisah Marsinah, Sekali Dia Bergerak, Sudah Itu Patah. 

""Anies menaikkan upah 580 kali dari Ganjar saat itu. Ganjar hanya 0,87 persen, sementara Anies 5,1 persen. Pengusaha marah dan menggugat Anies ke pengadilan.”
https://t.co/XsRTfAhozS",anies baswedan bela kaum buruh kisah marsinah gerak patah anies naik upah kali ganjar ganjar persen anies persen usaha marah gugat anies adil
2023-05-01 03:22:34+00:00,"@Krisyantooni Munckin dan Bukan Penjilat Pada Saat Mendukung Pak Jokowi Dan Jaga Anies Baswedan
tp dana sedang marah Dan kecewa lewingga anda berasumsi sendiri, coba tanyakan hati anda sendiri siapa yg layak memimpin bangsa ini tanpa emosi sy yakin jawabanya anda tau org pribumi.
BUKN YAMAN",munckin jilat dukung jokowi jaga anies baswedan dana marah kecewa lewingga asumsi coba hati layak pimpin bangsa emosi jawabanya orang pribumi yaman
2023-04-28 17:14:05+00:00,"@Dennysiregar7 anies baswedan ga pernah menhina lawananya, dan luhut marah reklamasi jakut terhambat .... hehe ..... lo ga mikir ya denny",anies baswedan menhina lawananya luhut marah reklamasi jakut hambat he mikir iya denny
2023-04-27 13:41:17+00:00,"Mereka Marah Bukan Karena Anies Baswedan Gelan Bacaan - Bacaan Yg Berat Dan Berkelas, Sesituguhnya!
Mereka Marah Lantaran Jokowi Tidak Memiliki Kemampuan Membaca Seperti Anies Baswedan!

https://t.co/oejwdirvkw",marah anies baswedan gel baca baca berat kelas sesituguhnya marah lantar jokowi milik mampu baca anies baswedan
2023-04-24 06:01:04+00:00,"Lagi Dan Lagi Keriblan Dalam Tubuh Partai Koalisi Disebabkan Oleh Masalah Cawapres.Kali ini, Nasdem Marah Besar Karena PKS Sibuk Cari Perhatian Unkalonkan Mahfud Md Sebagai Pasangan untuk Baswedan.https://t.co/t9arzbf3py",keriblan tubuh partai koalisi sebab cawapreskali nasdem marah pks sibuk cari perhati unkalonkan mahfud md pasang baswedan
2023-04-11 02:03:41+00:00,@Hunterjagar3 @yahyacstaquf masyarakat dan tokoh nu yg mana yg marah? Lah wong ulama² Besarnya Aja Pd Dukung Anies Baswedan Kok ..... Heduuh Cebong Makin Blingsatan Aja Nih KeKnya..gk Mau Perubahan.https://t.co/rjnd9w3vwc,masyarakat tokoh nu marah ulama besar dukung anies baswedan heduuh cebong blingsatan keknyagk ubah
2023-04-08 04:34:16+00:00,"Keluarga Anies sangat dan serba Arab Yaman :backhand_index_pointing_right: Hasan Nasbi..

Kebenaran/Kenyataan yang disebutkan,, Ehh Pendukung Anies MARAH !

Gak Heran ada Pendukung BERANI Ancam Komisi Pemberantasan Korupsi BAKAR Gedung KPK, kalo ada Anggota KPK Berani Naikkan Kasus Kasus Anies Baswedan ! https://t.co/w8TvaK9Ffu",keluarga anies serba arab yaman backhand index pointing right hasan nasbi kebenarankenyataan eh dukung anies marah heran dukung berani ancam komisi berantas korupsi bakar gedung kpk anggota kpk berani naik anies baswedan
2023-04-08 04:33:49+00:00,"Keluarga Anies Sangan Dan Serba Arab Yaman :backhand_index_pointing_right: Hasan Nasbi ..

Kebenaran/Kenyataan Yang Disebutkan ,, Ehh Pendukung Anies Marah!

Gak Heran Ada Pendukung Berani Ancam Komisi Pemberantasan Korupsi Bakar Gedung KPK, Kalo Ada Anggota KPK Berani Naikkan Kasus Kasus Anies Baswedan!https://t.co/a8kad3bq3q",keluarga anies sangan serba arab yaman backhand index pointing right hasan nasbi kebenarankenyataan eh dukung anies marah heran dukung berani ancam komisi berantas korupsi bakar gedung kpk anggota kpk berani naik anies baswedan
2023-04-07 08:56:12+00:00,"@PartBurungGalak Gw jg marah atas penolakan Ganjar. Tapi mau gimana lagi? Gw gk mungkin biarkan Anies Baswedan menang gara2 gw marah. Maka gw redam amarah dan tetap dukung Ganjar. Semua gw lakukan bkn untuk Ganjar, tp untuk Indonesia, untuk kehidupan gw sendiri.:folded_hands:",marah tolak ganjar biar anies baswedan menang gara marah redam amarah dukung ganjar laku ganjar indonesia hidup sendirifolded hands
2023-04-06 07:17:15+00:00,"""Prabowo Nampaknya Menjadi Alternatif Dari Para Pendukung Ganjar Yang Marah Dan Kecewa, Di Mana Mereka Hampir Tidak Mungkin Berpaling Ke Anies Baswedan,"" Senior Ujar Peneliti Mipos.
#Prabowopemersatu #IKUTPAKDE Prabowo Subianto",prabowo nampaknya alternatif dukung ganjar marah kecewa paling anies baswedan senior teliti mipos prabowopemersatu ikutpakde prabowo subianto
2023-04-06 06:00:17+00:00,"“Prabowo Nampaknya Yang Alternatif Dari Para Pendukung Ganjar Yang Marah Dan Kecewa, Di Mana Mereka Hampir Tidak Mungkin Berpaling Ke Anies Baswedan,” Terang Yuyun.#Prabowopemersatu #IKUTPAKDE Prabowo Subianto",prabowo nampaknya alternatif dukung ganjar marah kecewa paling anies baswedan terang yuyunprabowopemersatu ikutpakde prabowo subianto
2023-04-05 16:00:29+00:00,"“Prabowo nampaknya menjadi alternatif dari para pendukung Ganjar yang marah dan kecewa, di mana mereka hampir tidak mungkin berpaling ke Anies Baswedan,” terang peneliti senior MIPOS Yuyun Andriani, Rabu, 4 April 2023.

#RakyatPilihPrabowo
#BangkitBersama 
Prabowo Subianto",prabowo nampaknya alternatif dukung ganjar marah kecewa paling anies baswedan terang teliti senior mipos yuyun andriani rabu april rakyatpilihprabowo bangkitbersama prabowo subianto
2023-04-05 13:06:05+00:00,"Prabowo Nampaknya Menjadi Alternatif Dari Para Pendukung Ganjar Yang Marah Dan Kecewa, Di Mana Mereka Hampir Tidak Munckin Berpaling Ke Anies Baswedan, ”Senior Terang Peneliti Mipos Yuyun Andriani, Rabu, 4 April 2023.",prabowo nampaknya alternatif dukung ganjar marah kecewa munckin paling anies baswedan senior terang teliti mipos yuyun andriani rabu april
2023-04-05 13:03:22+00:00,"“Prabowo nampaknya menjadi alternatif dari para pendukung Ganjar yang marah dan kecewa, di mana mereka hampir tidak mungkin berpaling ke Anies Baswedan,” terang peneliti senior MIPOS Yuyun Andriani, Rabu, 4 April 2023.",prabowo nampaknya alternatif dukung ganjar marah kecewa paling anies baswedan terang teliti senior mipos yuyun andriani rabu april
2023-04-05 12:56:21+00:00,"“Prabowo Nampaknya Menjadi Alternatif Dari Para Pendukung Ganjar Yang Marah Dan Kecewa, Di Mana Mereka Hampir Tidak Mungkin Berpaling Ke Anies Baswedan,” Senior Terang Peneliti Mipos Yuyun Andriani, Rabu, 4 April 2023.",prabowo nampaknya alternatif dukung ganjar marah kecewa paling anies baswedan senior terang teliti mipos yuyun andriani rabu april
2023-03-15 22:06:40+00:00,"@kompascom anies baswedan aja Kalau mau Menghina, Dipanggil Wan Abud, Wan Aibon Dan Wan Wan Lainnya Kagak Marah Die Hehe",anies baswedan hina panggil wan abud wan aibon wan wan marah die he
2023-03-09 01:50:15+00:00,"Fahri Hamza marah sebut Anies Baswedan pengecut dan banyak omong
#anies #aniesbaswedan #AniesBawaKehancuranRI https://t.co/oeZL670nOh",fahri hamza marah anies baswedan kecut omong anies aniesbaswedan aniesbawakehancuranri
2023-03-04 10:04:46+00:00,"@Hasbil_Lbs Fans boy anies marah.. :thinking_face::thinking_face::thinking_face:
Anies Baswedan itu makhluk paling benar dan ga boleh di salahkan..",fan boy anies marah thinking facethinking facethinking face anies baswedan makhluk salah
2023-03-03 05:59:39+00:00,"Kritik keras, Fahri Hamza marah sebut Anies Baswedan pengecut dan banyak omong
#TolakAniesBaswedan
#AHYpolitikusGagal
#anies https://t.co/8B6A6xTKpe",kritik keras fahri hamza marah anies baswedan kecut omong tolakaniesbaswedan ahypolitikusgagal anies
2023-03-03 02:52:32+00:00,Fahri Hamzah Minjkin Suda Muak Gelan Sikap Anies Baswedan Sehingga Dia Marah Dan Menyebut Anies Pengecut !!Jelas anies darence karena tidak berani pertanggungjawaban setiap omonganyaa !!Anies hnya menari popularitas delangan obral janji dimana mana.https://t.co/wozyfbobdf,fahri hamzah minjkin muak gel sikap anies baswedan marah sebut anies kecut anies darence berani pertanggungjawaban omonganyaa anies tari popularitas dang obral janji mana
2023-02-28 00:28:39+00:00,"@MARQUEZ__93 Tolol! :face_with_tears_of_joy:

Tahunya hanya marah marah karena tak mampu menggunakan pikiran. Gak bisa move on dari Anies Baswedan ya.

Seranglah Anies dgn otak dan karya nyata, itu lebih berkelas. Kalo hanya dengan amukan dan kemarahan, itu hanya bikin kamu semakin stress dan sakit sakitan. :face_with_tears_of_joy:",tolol face with tears of joy tahu marah marah pikir move on anies baswedan iya serang anies otak karya nyata kelas amuk marah bikin stres sakit sakit face with tears of joy
2023-02-25 15:44:33+00:00,@SetFeny @richworld @Official3Ato Lahhh memang anies baswedan dan jajaran nya digugat warga mampang karena tidak melaksanakan kewajibannya mengeruk dan menurap kali Mampang. Kok marah? :face_with_tears_of_joy:,anies baswedan jajar nya gugat warga mampang laksana wajib keruk turap kali mampang marah face with tears of joy
2023-02-25 11:05:54+00:00,@dennyindrayana @msaid_didu takut yang mengang anies baswedan.Rakyat Marah Dan Bersama HRS Model Revolusi Revolusi Revolusi Iran Atau Indonesia Bubar Dan Berdiri Persemakmuran Nusantara Independen State Ala Cis Saat USSR Bubar,takut kang anies baswedanrakyat marah model revolusi revolusi revolusi iran indonesia bubar diri makmur nusantara independen state ala cis ussr bubar
2023-02-06 07:33:02+00:00,"Anies Baswedan Adalah Meteri Pecatan .. Dia Tidak Punya Nama Apa2 Kalo Bukan Gerindra Yg Memperkenalkan Pada Publik UNTUK PILKADA DKI .. Gerindra Pula Yg Memperkenalkan Anies Pada Orang2 Yg Marah Pada Ahok Dan Pemerintah Pusat ..
Anies dipecat dan dimodalin ama sandiaga .. https://t.co/n1lztjqiwk",anies baswedan meter pecat nama gerindra kenal publik pilih kepala daerah dki gerindra kenal anies orang marah ahok perintah pusat anies pecat dimodalin sandiaga
2023-01-22 11:17:04+00:00,"Orma hti pendukung anies baswedan marah tegait pernyataan wasekjend nasdem hermawi taslim yg Mengatakan nasdem kan pasa baja jika anies presiden merevitalissi ke (dua) ormas hti dan fpi.
Justru Tjuuan Hti & amp;FPI Mendukung Anies Kedepan Agar di Hidupkan Kembali.https://t.co/p5unbihnde",orma hti dukung anies baswedan marah tegait nyata wasekjend nasdem hermawi taslim nasdem pasa baja anies presiden merevitalissi ormas hti fpi tjuuan hti ampfpi dukung anies depan hidup
2023-01-19 13:07:02+00:00,"@SantorinisSun Gibran mengikuti kesantunan dan kebajikan yg ada pd anies Baswedan yg meskipun di hina,hujat di serang dgn fitnah dan hoax dll dia tetap santai dan tdk marah.luar biasa mas gibran dan mas anies:thumbs_up:",gibran ikut santun kebaji anies baswedan hina hujat serang fitnah isu bohong lain santai marahluar mas gibran mas aniesthumbs up
2023-01-18 05:10:07+00:00,@sobat_anies Dgn mendukung yohanes anies baswedan mau tidak mau harus jd tukang hoax dan marah marah:grinning_face_with_smiling_eyes:,dukung yohanes anies baswedan tukang isu bohong marah marahgrinning face with smiling eyes
2023-01-17 00:31:56+00:00,"Cerita Teman Ugm, anies Baswedan Tak Pernah Baper Dan Marah.
#Pulangkantkachina https://t.co/qurxi2iemq",cerita teman ugm anies baswedan bawa asa marah pulangkantkachina
2023-01-13 11:30:00+00:00,"Cerita Teman Ugm, anies Baswedan Tak Pernah Baper Dan Marah

https://t.co/czgqogfk73",cerita teman ugm anies baswedan bawa asa marah
2023-01-08 20:48:33+00:00,"@Paltiwest @jokowi Mengapa Jokowi Marah Ke Nasdem, Karena Nasdem Menalonkan Anies Baswedan Yang Telah Mengalahkan Dan Mempermalukan Cagub Jokowi Dahulu Si Ahog",jokowi marah nasdem nasdem talon anies baswedan kalah malu cagub jokowi sih ahog
2023-01-04 13:54:00+00:00,"Refly Harun: Rezim Jokowi Hayal Anies Baswedan, Makin Dihater Makin Top Dan Mnrt Tempo Ketua Kpk Firli Ngotot Usut Formula E Ke Tahap Penyidikan Mengarah Penya Penetapan Tersangka Anies, Masyarahat Akan Marang.https://t.co/rdhpflzybu
@Sukma_ekalaya @themyth888 @22simileriti",refly harun rezim jokowi khayal anies baswedan dihater top mnrt tempo ketua kpk firli ngotot usut formula e tahap sidi arah penya tetap sangka anies masyarahat marang
2022-12-30 02:16:24+00:00,"Pengen Jadi Buzzernya anies Baswedan, Kayanya Fee-Nya Gede, Dilihat Dr Banyaknya Orang Yg Setia Marah Marah Membela Anies Baswedan.
infonya dong yg Ada Lowonganya, Siap Marah Marah Dan Membela Mati-Matian Di Sosmed",pengin buzzernya anies baswedan kayak feenya gede banyak orang setia marah marah bela anies baswedan info lowonganya marah marah bela matimatian sosmed
2022-12-29 01:55:40+00:00,"Hal Yang Sama Sekarang Melanda Anies Baswedan, Kpu Sudah Menjadi Alat Pemenangan Capres Tertentu (Apapun Sanggahanya Konspirasi Pemenangan Capres 2019 Sudaah Terbukti) Dan Konspirasi Itu Membuat Masyarakat Marah.Sementara Prabowo Mengatakan Demi Keutuhan Nkri #Hening",landa anies baswedan kpu alat menang capres apa sanggahanya konspirasi menang capres sudaah bukti konspirasi masyarakat marahsementara prabowo utuh nkri hening
2022-12-24 08:57:11+00:00,@txtdari2024 @aniesbaswedan bumi dki jakarta marah sama anies baswedan dan anggota salam Perpisanan ... :face_with_hand_over_mouth: https://t.co/ipjdabb2uz,bumi dki jakarta marah anies baswedan anggota salam perpisanan face with hand over mouth
2022-12-16 06:49:55+00:00,"Indikatornya Jelas.Pilkada Dki Adalah Contohnya.Meski Jusuf Kalla Melabeli Para Pendukung Ahok Marah, Namun Masyarakat Di Luar Dki Yg TDK Tahu Menahu Dengan Ahok Merasa Bhw ""Ada Sesuatu Yg Lain"" Yg Berbahaya Dari Cara Berpoliter JK Anies Anies Anies Basi.",indikator jelaspilkada dki contohnyameski jusuf kalla label dukung ahok marah masyarakat dki nahu ahok bahaya berpoliter anies anies anies basi
2022-12-04 00:44:27+00:00,Baswedan Kalian Fitnah Radikal Dll..karna Saya Tahu T Hanya Fitnah,baswedan fitnah radikal dllkarna t fitnah
2022-11-25 05:33:43+00:00,"@Madebylaluna Menghina siapa sih ??
Siapa yg dihina ?
Kok kamu marah ?

Kalo lu sendiri jelas jelas suka menghina dan fitnah Anies Baswedan, iya kan ?",hina sih hina marah suka hina fitnah anies baswedan iya
2022-11-20 17:14:33+00:00,"Anies Baswedan Marah Dan Terpancing Emosional WKWKWK GUA Pikir Anies Baswedan Orang Nya Penyabar Ternyata Bisa Marah MagA WKWKWK
https://t.co/igxruyt3s8",anies baswedan marah pancing emosional wkwkwk pikir anies baswedan orang nya sabar marah maga wkwkwk
2022-11-15 07:13:05+00:00,@DETIKCOM LAH ACT ORANG2 SUCI TEMENNA FPI DAN ANIES BASWEDA WALAUPUN SALAH NGKPAPA KAN ENTAR MUNARMAN MARAH LOE,act orang suci temenna fpi anies basweda salah ngkpapa entar munarman marah
2022-11-12 01:46:18+00:00,"Ada Yg Bilang Tegas Itu Haru Marah-Marah Dan Memaki-Maki, Masa Sih?:beaming_face_with_smiling_eyes:

Tegas Bukan Bengis, Itulah anies Baswedan.

https://t.co/unky76ju1f

#Aniespresiden2024 https://t.co/hafcfojiwl",bilang marahmarah memakimaki sihbeaming face with smiling eyes bengis anies baswedan aniespresiden
2022-11-04 02:48:16+00:00,@AlmaricJ @ganjarpranowo Ternyata gak mempan narasi yang di bangun AA. Terlanjur cinta dengan Pak Anies Baswedan karena kinerja yang baik dan sopan santun dalam bertutur kata. Gak pakai marah marah seperti pemimpin yang lain.,mempan narasi bangun aa lanjur cinta anies baswedan kerja sopan santun pakai marah marah pimpin
2022-11-04 02:47:52+00:00,Ternyata Gak Mempan Narasi Yang Di Bangun AA.Terlanjur Cinta Pak Anies Baswedan Karena Kinerja Yang Baik dan Sopan Santun Dalam Bertutur Kata.GAK PAKAI MARAH MARAH SEPERTI PEMimpin Yang Lain.,mempan narasi bangun aaterlanjur cinta anies baswedan kerja sopan santun katagak pakai marah marah pimpin
2022-10-29 18:01:31+00:00,"@M45Broo https://t.co/oj9J4rgiwb

Jelas bibit ya

Dan bukan pecinta bokep

RI 1 
ANIES BASWEDAN
.
CEBONG YG MW WARAS .
YUK GABUNG
DITUNGGU INSYAF NYA
..
BIANG EBONG EMOSI
KESEL 
MARAH 
NGADU NGADU 
LEMAH KAU EBONG",bibit iya cinta porno ri anies baswedan cebong now watching waras yuk gabung tunggu insyaf nya biang ebong emosi kesel marah adu adu lemah ebong
2022-10-23 10:08:41+00:00,"@Miduk17 @Aniesbaswedan Dan Gara ""anies Baswedan Standar Gubernur Dki Lebih Tinggi Lagi. Banyak Prestasi & amp; Karya Nyata. MEMAJUukan DKI TANPA MARAH"" & AMP;adem.Menghargai Setiap Warak DKI Tanpa Memandang Agama, Ras, Suku.Maju Kotanya Bahagia Warganya.:smiling_face_with_hearts::smiling_face_with_hearts::smiling_face_with_hearts:",gara anies baswedan standar gubernur dki prestasi amp karya nyata memajuukan dki marah ampademmenghargai warak dki pandang agama ras sukumaju kota bahagia warganyasmiling face with heartssmiling face with heartssmiling face with hearts
2022-10-22 23:48:10+00:00,"Halo Orang Paua
Blio Anies Baswedan TDK Marah TDK Lapor Polisi Ketika Poto Blio Di Edit Dgn Pakian Adat Papua Oheh Ruhut Sitompul Dgn Tujuan Dihina

Pilih Blio Calon Presiden Harapan Orang Papua Dan Seluruh Rakyat Indonesia https://t.co/v9xxvkk6iq",halo orang paua blio anies baswedan marah lapor polisi poto blio edit pakian adat papua oheh ruhut sitompul tuju hina pilih blio calon presiden harap orang papua rakyat indonesia
2022-10-19 12:02:52+00:00,lucu bgt barusan feast marah karena lagunya dijadiin backsound partai nasdem dan anies baswedan tanpa meminta persetujuan dr yg punya lagu. Apa mereka gatau ya lagu2 feast itu isinya kritikan buat pemerintah sksksk,lucu banget barusan feast marah lagu jadi backsound partai nasdem anies baswedan tuju lagu tau iya lagu feast isi kritik perintah sksksk
2022-10-18 13:03:45+00:00,Negara ini adlh negara hukum dan demokrasi.klo kemuda pancasila mendukung anies baswedan kok ntt dan ambon marah dan menyebu mako.pp siapa yg sebuse nya nya nya yg.radikal dan tereris kita harpkan harana nya tradikal Hukum Melawan,negara negara hukum demokrasiklo muda pancasila dukung anies baswedan ntt ambon marah sebu makopp sebuse nya nya nya ygradikal tereris harpkan harana nya tradikal hukum lawan
2022-10-16 04:07:55+00:00,"@geloraco rakyat Suda Bosan DG Pemimpin Penuh Buualan Dan Pencitraan, Pemimpin Penipu Rakyat ,, Pemimpin DG Kosmetik Tebal, Pemimpin Genit Yg Selalu Berlengak- lenggok Gak Jela Didepan Kamera.

Rakyat Rindu Pemimpin Sejati Seperti anies Baswedan, Mengayomi, Sabar, TDK Pernah Marah Dll",rakyat bosan pimpin penuh buualan citra pimpin tipu rakyat pimpin kosmetik tebal pimpin genit lengak lenggok jela depan kamera rakyat rindu pimpin sejati anies baswedan ayom sabar marah lain
2022-10-16 03:58:49+00:00,"@taufikcokklat @boediantar4 Tak bisa dipunciri gubernur dki anies baswedan disukai masyarakat.
Pemimpin yg tidak pernah terliihat marah ... Munckin ini yg tidak dimilisi pemimpin lainnya!
Penyabar Baik Baik Dan Tidak Sombong :smiling_face_with_smiling_eyes:",dipunciri gubernur dki anies baswedan suka masyarakat pimpin terliihat marah munckin milisi pimpin sabar sombong smiling face with smiling eyes
2022-10-08 15:04:09+00:00,"@Sikebongce @tsamaradki Relatif Tenang, Emosinya Terjaga, Tidak Pernah Marah, Apalagi Sampe Melaporkan Rakyat, Dan Ulama, Tidak Pernah, Gubernur YG Sopan Dan Santun, Beda DG Jokowi!
Gubernur dki anies baswedan Jelas Pendidikananya, Silsilah Keluarganya Ini Juga Kebalikan Dr Jokowi, YG Serba Gak Jelas.",relatif tenang emosi jaga marah lapor rakyat ulama gubernur sopan santun beda jokowi gubernur dki anies baswedan kana silsilah keluarga balik jokowi serba
2022-10-08 14:58:55+00:00,"@SiKebongce @TsamaraDKI Setelah pilkada usai dan gubernur DKI Anies Baswedan menjabat,tidak ada Politik identitas,bahkan aku belum pernah sekalipun melihat Beliau marah saat menjabat,tidak seperti gubernur sebelumnya yg kerjaannya marah - marah dan mengeluarkan perkataan kotor , gubernur Anies ini...",pilih kepala daerah gubernur dki anies baswedan jabat politik identitas beliau marah jabat gubernur kerja marah marah keluar kata kotor gubernur anies
2022-10-07 22:28:41+00:00,"@Oposisicerdas dia lagi meni proyek menjatuhkan anies baswedan, ya sudah jadi tanggung jawabnya, bikin kisruh, bikin marah, membiola-balikan pikirkan waras menjadi gila, menin-diranya lalikan lonulan langulan menjadi gila, menin, meninkan, Mendungan, Menjadi Halikan, Menjadi Gila, Mendungan.",meni proyek jatuh anies baswedan iya tanggung bikin kisruh bikin marah membiolabalikan pikir waras gila menindiranya lali lonulan langulan gila tin tin mendung halikan gila mendung
2022-10-05 01:15:09+00:00,"Debat Denny Siregar Dan Niluh Djelantik Usui Surya Paloh Dukung Anies Baswedan Capres 2024, Marah?
https://t.co/skwmqyd0ac",debat denny siregar niluh djelantik usui surya paloh dukung anies baswedan capres marah
2022-10-04 12:12:28+00:00,"@Chusnulch__ @anjarpranowo makin seru nih liat para cebong Beriak kolamnya..macam cenul.Panik, Seedih, Was2, Marah, Dan Mereka Trs2an Mengelu2kan Ganjar Yg Belum Jelas Diusung Siapa .. :zany_face:
Ehh malah anies baswedan yg udah duluan dipinang nasdem..sakitnya tuh nyelekitttt pake bingitttt ... hahahaha",seru lihat cebong riak kolamnyamacam cenulpanik seedih was marah trsan elu ganjar usung zany face eh anies baswedan duluan pinang nasdemsakitnya tuh nyelekitttt pakai bingitttt hahahaha
2022-09-24 16:38:23+00:00,"Gua Betawi
Mereka Betawi
Dan Kita Anies Baswedan
Jangan Senggol Betawi Ya Ntar Bang Pitung Marah :beaming_face_with_smiling_eyes::face_with_hand_over_mouth: https://t.co/x0f8jqtoqe",betawi betawi anies baswedan senggol betawi iya bang pitung marah beaming face with smiling eyesface with hand over mouth
2022-09-16 22:06:34+00:00,"@geloraco Insyaallah Anies Baswedan calon terkuat presiden dan semoga menjadi presiden RI,  karena sudah terbukti bisa memilih Jakarta yang semakin bagus dan maju. Beda dengan Ganjar Pranowo selama memimpin Jateng tidak ada prestasinya . Yang ada hanya pencitraan. Jangan marah ya bong :grinning_face:",insyaallah anies baswedan calon kuat presiden moga presiden ri bukti pilih jakarta bagus maju beda ganjar pranowo pimpin jateng prestasi citra marah iya bong grinning face
2022-09-07 13:27:11+00:00,"@Bambangmulyono2 Rakyat Yang Mana Yang Kalian Bilan Marah, Apa Kehasilan Dari Pak Anies Baswedan Selama Memimpin Dki Jakarta Selain Memindahkan Nama Jalan Dan Formula E Yang Tidak Menguntingan Rakyat Dki Jakarta.Soal Ahok Sudah membersihkannya bro karena kpk tidak ada menemukan bukti korupsi.",rakyat bilan marah hasil anies baswedan pimpin dki jakarta pindah nama jalan formula e unting rakyat dki jakartasoal ahok bersih saudara laki kpk temu bukti korupsi
2022-07-09 22:30:43+00:00,"Teman Sma Kagum, anies Baswedan Tak Pernah Marah Dan Bicara Kotor https://t.co/jmhz1i9thi",teman kagum anies baswedan marah bicara kotor
2022-07-02 10:37:24+00:00,"Anies Itu Bekerja Delan Konsep Yg Matang.
Bukan Suka Nonton Bokep YG Bikin Otak Tegang.
Anies Itu PENDABAR PERLU KITA DICONTOH DAN TU SUKA MARAH MARAH.
Bukan Suka Menebar Foto Diatm Dan Bandara.
Anies baswedan adalah yang terbaik
Salam Akla Sehat.https://t.co/khlvkvxmo8",anies delan konsep matang suka tonton porno bikin otak tegang anies pendabar contoh suka marah marah suka tebar foto diatm bandara anies baswedan baik salam akla sehat
2022-07-01 00:46:01+00:00,"Antara Marah Dan Ketawa
Marah Karna Politer Sara Meningkat Dilakukan Kaum2 Penjilat anies Baswedan Bapak Politik Identitas
Ketawa Karna Level Gubernur Kerjanya Cuma Bisa Bikin Gerbang Jalan https://t.co/yqas6z2uwp",marah ketawa marah politer sara tingkat kaum jilat anies baswedan politik identitas ketawa level gubernur kerja bikin gerbang jalan
2022-06-14 08:45:40+00:00,"Dulu Ahok Mau Jadi Presiden Semua Orang Kok Diam Dan Tenjak Ada Alasan Apa-Apa ... Sekarang Bila Anies Baswedan Mau Nyalon Presiden Bermacam Tentangan Dan Fitnah Maranga Bikin Katananya """" Presiden Haruus Orang Jawa Jawa Kalau..",ahok presiden orang diam tenjak alas apaapa anies baswedan nyalon presiden tentang fitnah maranga bikin katananya presiden haruus orang jawa jawa
2022-06-07 00:11:15+00:00,"Anies Baswedan Tampil Keren Delan Baju, Celana Dan Sepatu Biru.
Anies Baswedan Seksses Menghantar Indonesia Dan Jakarta Menjadi Panggung Balapan Formula-E.
Sementara Para Buzzerp, Nyinyier Dan Dalangnya, Tampil Gangan Hati Merah Marah Kedungu-Dunguan Atas Prestasi-Prestasi Anies.https://t.co/ilkp5gnczb",anies baswedan tampil keren delan baju celana sepatu biru anies baswedan seksses hantar indonesia jakarta panggung balap formulae buzzerp nyinyier dalang tampil gang hati merah marah kedungudunguan prestasiprestasi anies
2022-05-27 00:52:03+00:00,"@Mdy_asmara1701 anies PENYELAMAT Perubahan Indonesia Ke Depan.
Hanya anies Baswedan Yang Berani Tutup Proyek Reklamasi Pantai Teluk Jakarta .Dan Membuata AGung Podomoro Marah Besar Kepada Sdra Ahok .Karena Ahok Berani Anggota Telon JAMIN DAN KEMANAN UTK MEMBANGUN PULRAU PULAU DI TELAU DI TELEKAN JAMIN DAN KEMANAN MEMBANGUN MEMBANGUN PULRAU DI DIU DI TELAU DI TELUUKAN JAMIN DAN KEMANAN MEMBANGUN MEMBANGUN PULRAU DI DIU di DI TELAU DI TELAU.",anies selamat ubah indonesia anies baswedan berani tutup proyek reklamasi pantai teluk jakarta membuata agung podomoro marah sdra ahok ahok berani anggota ton jamin keman bangun pulrau pulau telau telekan jamin keman bangun bangun pulrau diu telau teluukan jamin keman bangun bangun pulrau diu telau telau
2022-05-12 08:33:16+00:00,"PDIP TERSINGUNG DAN MELAPORKAN SEKDA KABUPATEN DAIRI, SUMUT, BUDIANTA PINEM KE POLISI USAI MENYEBUT PUAN MAHARANI MENGIDAP PENITIKIT WASIR ATAU AMBEIEN LEWAT Facebook.
Harusnya PDIP RUGA TERSINGUNG DAN MARAH KEPADA KADER PDIP RUHUT SITompul Yang Menghina Anies Baswedan.",pdip tersingung lapor sekda kabupaten dairi sumut budianta pinem polisi sebut puan maharani idap penitikit wasir ambeien facebook pdip ruga tersingung marah kader pdip ruhut sitompul hina anies baswedan
2022-05-12 08:33:03+00:00,"@DETIKCOM PDIP TERSINGUNG DAN MELAPORKAN SEKDA KABUPATEN DAIRI, SUMUT, BUDIANTA PINEM KE POLISI USAI MENYEBUT PUAN MAHARANI MEMIDAP PENIKIT WASIR ATAU AMBEIEN LEWAT Facebook.
Harusnya PDIP RUGA TERSINGUNG DAN MARAH KEPADA KADER PDIP RUHUT SITompul Yang Menghina Anies Baswedan.",pdip tersingung lapor sekda kabupaten dairi sumut budianta pinem polisi sebut puan maharani memidap penikit wasir ambeien facebook pdip ruga tersingung marah kader pdip ruhut sitompul hina anies baswedan
2022-05-08 01:47:17+00:00,Marah karena minta sumbangan ke Anies baswedan dan di tolak,marah sumbang anies baswedan tolak
2022-05-04 07:05:46+00:00,"@anton_wka @Helmi_Felis Warga ngg sopan tunjuk"" ke pak Anies Baswedan, walaupun ada rasa marah dan kecewa tetap kita harus saling menghargai dan menghormati, alhamdulillah beliau tetap dlm kebaikan dan kesabaran",warga sopan anies baswedan marah kecewa harga hormat alhamdulillah beliau baik sabar
2022-04-29 06:51:36+00:00,"pak anies mustahil tidak tahu beberapa orang di sekitarnya memakai kaos bergambar dirinya dan bertuliskan 'anies baswedan presiden' ketika melakukan pembagian--jika benar--hand sanitizer di acara resmi pemprov dki; tapi jangankan marah, menegur pun tidak.",anies mustahil orang pakai kaos gambar tulis anies baswedan presiden pembagianjika benarhand sanitizer acara resmi pemprov dki marah tegur
2022-04-28 16:48:00+00:00,"Mureza522 @lrahmadsyahj2p @kurawa @ismailfahmi ini seperti kasus pki, Berawal Pelecehan Terhadap Agama Membuat Masyarakat Geram Hingga Berlebih-Lebihan / Keluarkan Korban. Ang diserang anies baswedan",mureza pki leceh agama masyarakat geram berlebihlebihan keluar korban ang serang anies baswedan
2022-04-27 04:57:28+00:00,@jokowi @TsamaraDKI GOODBENER ANIES BASWEDAN emang keren ya pak .. wibawa .  amanah. ..tepatin janji dan shaleh ...walau di hujat ..di caci maki. di fitnah tiap menit oleh pendukung pak jokowi tetapi pak Anies tetap santuy ..gk pernah marah dan gk pernah mempermasalahkannya .,goodbener anies baswedan keren iya wibawa amanah tepatin janji shaleh hujat caci maki fitnah menit dukung jokowi anies santuy marah masalah
2022-04-20 05:02:31+00:00,"Lalu Berlanjut Cebong vs Kampret.Ini Biasa Awalnya, Lalu Penggunaan Istilah Kampret Perlahan Menghilan Dan Digantikan Dgn Istilah Kadrun.Kadal Gurun.Disematkan Kepada Pendukung Anies Baswedan, Oleh Orang2 Yg Sama Yg Bahkan Marah Jika Ada Peybutan Cina Utk Org Keturunan Cina",lanjut cebong vs kampretini guna istilah sial perlahan menghilan ganti istilah kadrunkadal gurundisematkan dukung anies baswedan orang marah peybutan cina orang turun cina
2022-04-12 02:08:43+00:00,"Pendukung anies basalah adalah yg marah saat ratna sarumpaet digebukin (ternyata ditipu ratna) Dan Bahagia saat ade armando digebukin nyata2 eheh mereka.

Sampai Sini Kita Paham Siapa Yg Mendukung Anies.",dukung anies basa marah ratna sarumpaet digebukin tipu ratna bahagia adek armando digebukin nyata eheh paham dukung anies
2022-04-07 10:05:04+00:00,Survei Hasil SMRC 3 Capres Pasangan - Cawapres Pasangan Anies Baswedan - Ahy Selalu Unggul Lawan Prabowo - Puan Dan Airlangga - Ganjar Atau Ganjar - Airlangga.Mas @chusnulch__ dkk pasti tambah marah sama anies - ahy nih :zany_face::zany_face::zany_face: https://t.co/f4ynxkwrgg,survei hasil smrc capres pasang cawapres pasang anies baswedan ahy unggul lawan prabowo puan airlangga ganjar ganjar airlanggamas kawan marah anies ahy zany facezany facezany face
2022-04-03 15:30:54+00:00,"Haloo @antontenabang02 :grinning_face_with_big_eyes::waving_hand: selamat membaca!
""~ Thread.
Pilpres 2024, Titik Balik Indonesia Bersama Anies Baswedan

Oleh Asyari Usman

Lelah Dan Jenuh.Bercampur Marah Bua.Rata-Rata Rakyat Merasa Seperti Itu.Jengkel Sekali Me ... ""https://t.co/3Qujw7nomk",haloo grinning face with big eyeswaving hand selamat baca thread pilpres titik indonesia anies baswedan asyari usman lelah jenuhbercampur marah buaratarata rakyat itujengkel me
2022-03-21 08:05:31+00:00,"@democrazymedia Kalem cerdas tidak pendendam tidak mudah marah meledak ledak,selalu mendahulukan hati dan nalar  penyabar semua di lindungi di ayomi, pemimpin model pak Anies Baswedan sangat di butuhkan di negara Indonesia",kalem cerdas dendam mudah marah ledak ledak dahulu hati nalar sabar lindung ayom pimpin model anies baswedan butuh negara indonesia
2022-03-17 00:56:10+00:00,@siregar_elang Anies Baswedan bukan type pemimpin ngamukan lebay dan mudah marah,anies baswedan type pimpin ngamukan mudah marah
2022-01-31 12:11:20+00:00,"@Bramaneks @GeiszChalifah Ga juga, buktinya Rocky Gerung dan Anies Baswedan sok pinter terbukti pintar, kalo Juki sok pintar apalagi berlagak jadi Tuhan, banjir lebih mudah diatasi jika jadi presiden.
Juki yg buat aturan, dia sendiri yg marah dgn aturan, mulutnya Juki emang dubur.",bukti rocky gerung anies baswedan sok pintar bukti pintar juki sok pintar lagak tuhan banjir mudah atas presiden juki atur marah atur mulut juki dubur
2022-01-30 09:05:54+00:00,"@Democrazymedia ga usah marah, Bahasa Politik emang gitu suka memutarbalikkan fakta, menangkan saja anies baswedan 2024 Nanti Dan Tumbangkan Pdip Selesai Perkara",marah bahasa politik suka memutarbalikkan fakta menang anies baswedan tumbang pdip selesai perkara
2022-01-17 01:56:13+00:00,"Terjagab Besaran Tunjangan Anies Baswedan Dan Wagub Dki, Angkanya Fantastis, Ketua DPRD DKI Kesal
https://t.co/68yor5ixev

0,15% DR APBD DKI Jakarta,
0,15% x RP.70 t = Rp.105 m
105: 12 = RP.8.75 Milyar per Bulan?

Emang DPRD DKI BEHEH MARAH DAN NGGAK SETUJU?Emang Rakyat?",terjagab besar tunjang anies baswedan wagub dki angka fantastis ketua dprd dki kesal apbd dki jakarta kali rp t rp rp milyar dprd dki beheh marah setujuemang rakyat
2022-01-12 13:05:23+00:00,"Hasto Sebut Tri Risma Dan Gibran Layak Gantikan Anies Baswedan, Pengamat Keduanya Tak ada Prestasi Menonjol Selain Marah-marah https://t.co/B7RIW7lfaT @PojokSatu
Covid-19
Rabu 12 Januari 2022
Ada 4.268.097
144.150 Meninggal
Kaesang
Kale
Ganja
Singapura
#PuasNdasmu
#PuasNdasmu",hasto tri risma gibran layak ganti anies baswedan amat prestasi tonjol marahmarah covid rabu januari tinggal kaesang kali ganja singapura puasndasmu puasndasmu
2021-12-27 06:02:58+00:00,Gw mah,mah
2021-12-11 12:57:30+00:00,"Memang Goblok Kok.
Biarin Aja Dia Marah Sampe Stroke, BG Ferdinand.
SEJARAH AKAN MENCATAT.
Anies Baswedan Dan Sebegitu Banyak Tgupp, Menghancurkan Jakarta Hanya Dalam Tempo 5 Tahun.",bodoh biar marah stroke abang ferdinand sejarah catat anies baswedan tgupp hancur jakarta tempo
2021-12-04 21:39:54+00:00,"JAMAN JOKOWI JADI GUBERNUR DKI ANGGARAN SUMUR Resapan @80JT CEBONG MINGKEM DAN BERSIRAKPADAHAL NGAK BERFUNGSI.
Jaman Pak Anies Baswedan Cuma 13 Jutaan Dan Berfungsi Baik Baik Cebong Marah ... apa Iya Otaknya Sehat?Dungu !!!",jaman jokowi gubernur dki anggar sumur resap cebong mingkem bersirakpadahal fungsi jaman anies baswedan juta fungsi cebong marah iya otak sehatdungu
2021-11-30 04:38:07+00:00,"Basuki Tjahaja Purnama Bungkam Gubernur Anies Baswedan, Ahok Disebut Marah dan Muak? Begini Faktanya

https://t.co/drgsvPku3I",basuki tjahaja purnama bungkam gubernur anies baswedan ahok marah muak fakta
2021-11-03 09:56:27+00:00,"@aagym Benar A kebanyakan pembenci Jokowi begitu ""emosional "" mudah tersulut ,mudah jengkel mudah marah , susah reda kebencian nya ..., Dan di Jakarta pendukung Anies pun begitu mereka sllu emosional klo Anies Baswedan di kritik ...

Padahal jelas Anies gk kerja hanya kata dan kata ..",a banyak benci jokowi emosional mudah sulut mudah jengkel mudah marah susah reda benci nya jakarta dukung anies emosional anies baswedan kritik anies kerja
2021-10-13 22:50:00+00:00,@msaid_didu jd walkot dgn menteri kok perangai sama shj tho jol jol ... marah yg didahulukan ... sbg umat islam marah shat syaitan jol kajol ... coba contohi pak gubernur anies Baswedan .. terima dan DengaraH raKArah raKyah raKyah mareKaTan .. terima masilah raKaraah raKyah raKyah raKyah raNaha .. terima Masilah Masilah RaKArah RaKAHAH RAKIRAH ANIES BASWEDA ....,walkot menteri perangai shj tho jol jol marah dahulu umat islam marah sehat syaitan jol kajol coba contoh gubernur anies baswedan terima dengarah rakarah rakyah rakyah marekatan terima mas rakaraah rakyah rakyah rakyah ranaha terima mas mas rakarah rakahah rakirah anies basweda
2021-10-13 22:10:55+00:00,"@msaid_didu Seoran Menteri Yg Busanya Hanya Marah ""... tDK Menunjukkan Wibawanya. Mending Berhenti Aja.Stlh jbtnnya ini gk bakal lanjut jd apa ""lg.:face_savoring_food:",seoran menteri busa marah wibawa henti ajastlh jbtnnya lgface savoring food
2021-10-08 22:16:04+00:00,@tijabar Coba simak pak anies baswedan bagaimana leadership beliau dan tuturkata serta cara menyikapi satu masalah. Bagaiamana pula marah marah nya beliau pada pelanggar ppkm waktu itu. Kenapa tidak dijadikan contoh,coba simak anies baswedan leadership beliau tuturkata sikap bagaiamana marah marah nya beliau langgar ppkm jadi contoh
2021-10-08 08:04:39+00:00,"Marah ""Dan Memalukan Kata Mu Tapi Marah Nya Buat Pejabat Yg Kerja Nya Amburadul, Biarlah Marah"" Yg Pasti Masyarakat MISKIN SELALU MIJADI Prioritas Nya Dia Dia Bukan Anies Baswedan Si Raja Cuap !!",marah malu mu marah nya jabat kerja nya amburadul biar marah masyarakat miskin mijadi prioritas nya anies baswedan sih raja cuap
2021-09-12 06:07:44+00:00,"TerperosokNya Anies Baswedan merupakan pertanda alam dan tuhan marah dgn segala prilaku Anies yg menyimpang dr kebenaran dan kebaikan.
Tuhan tunjukkan kuasanya dengan mempermalukan gubernur yg menari diatas ayat dan mayat.",perosok anies baswedan tanda alam tuhan marah prilaku anies simpang benar baik tuhan tunjuk kuasa malu gubernur tari atas ayat mayat
2021-07-20 15:56:27+00:00,"Kenapa anies Baswedan Tidak Marah, dia anggap ini sektor esensial.Dia Kan Selalu Dibulak-Balik Dan Dilebih-Lebihkan Cara Kerjanya.

Pukimak ... !!!https://t.co/93tzujdxcl",anies baswedan marah anggap sektor esensialdia dibulakbalik dilebihlebihkan kerja pukimak
2021-07-10 00:35:24+00:00,"@VIVAcoid Penulisnya goblok, itu tegas bukan marah - marah, tidak ada kata cacian dan umpatan dari Anies Baswedan.",tulis bodoh marah marah caci umpat anies baswedan
2021-07-09 02:02:23+00:00,"Majanya nggak Heran Selama ini, Dia Kampanye Lewat Peti Mati.Anies Baswedan Kalau Marah, Bukannya Menakutkan, Tapi Kelihatan Lucu Dan Kocak.",maja heran kampanye peti matianies baswedan marah takut lucu kocak
2021-07-07 04:01:28+00:00,"Anies Baswedan Sidak Dan Marah-Marah Di Pt Ekuitas Kehidupan Yang Ternyata Adalah Peraturanaan Asuransi Jiwa Dan Kesehatan, Jadi Termasuk Sektor Usaha Esensial Dan Menurut Peraturan Diperbihkan Beroperasi.https://t.co/yddgdj4vke",anies baswedan sidak marahmarah pt ekuitas hidup peraturanaan asuransi jiwa sehat sektor usaha esensial atur diperbihkan operasi
2021-07-06 15:50:06+00:00,"Tak Terbayang, Jika Yang Ada Diposisi Itu Bukan @Aniesbaswedan, Tapi Sidonatur Telur.Munckin Dia Bisa Melotot, Monyong Dan Marah Sarik Pecahin Ribuan Butir Telur Sampai Ppkm Berakhir.:face_with_tears_of_joy::backhand_index_pointing_down:

Meledak Amarah Anies Baswedan Saat Sidak Ke Perkantoran https://t.co/c95zrkrgws",bayang posisi sidonatur telurmunckin melotot monyong marah sarik pecahin ribu butir telur ppkm berakhirface with tears of joybackhand index pointing down ledak amarah anies baswedan sidak kantor
2021-07-06 10:46:29+00:00,"Melihat masih ada pegawai di kantor non esensial yang masuk di masa PPKM darurat ini, Gubernur DKI Jakarta Anies Baswedan marah dan emanggil orang yang bertanggung jawab di perusahaan tersebut.
https://t.co/DwnPEIak0h",pegawai kantor non esensial masuk ppkm darurat gubernur dki jakarta anies baswedan marah emanggil orang tanggung usaha
2021-07-06 07:16:34+00:00,"ANIES BASWEDAN MARAH-MARAH

Saat sidak, ia mendapati kantor masih buka. ""Sekarang tutup kantor ya, dan katakan pada semua pulang taati aturan. Mengerti?,"" kata Anies yang disanggupi HRD Ray White Indonesia.

https://t.co/VbPQAjwqNf via @tribunnews",anies baswedan marahmarah sidak dapat kantor buka tutup kantor iya pulang taat atur erti anies sanggup hrd ray white indonesia via
2021-06-28 05:23:32+00:00,Memang anies baswedan Berbeda Dari Yang Lainnya ... Solusinya Aneh ... Peti Mayat ... Dan Sekarang Selfi Kuburan ... BAGI MEREKA PHANG ANGGOTA KELUARGANYA ADA YG TERINFEKSI COVID19 ... TENTU AKAN MARAH..KARENA SAAT INI INI COVID19 SENTU SENTU MARAH..KARENA SAAT INI INI COVID19 SENTU SENUMA SEMAEN SEMARENA SAAT INI SEMUAKewalana terima pasien covid19.,anies baswedan beda solusi aneh peti mayat selfi kubur phang anggota keluarga infeksi covid marahkarena covid sentu sentu marahkarena covid sentu senuma semaen semarena semuakewalana terima pasien covid
2021-06-13 08:22:57+00:00,"Seingat Saha, Di Antara Kesaman Bapak2 BerIKUT: Anies Baswedan, Irwan Prayno, Mahyeldi Ansharullah, Adalah Tenjak Pernah Tertangkap Kamia Marah-Marah Ke Bawahannya.Padahal Pasti Ada Yang Mencahak.Dan SBG Mantan Pemarah, Saya Pribadi Salut Akan Hal Ini.",saha kesam anies baswedan irwan prayno mahyeldi ansharullah tenjak tangkap kamia marahmarah bawahannyapadahal mencahakdan mantan marah pribadi salut
2021-05-26 08:03:36+00:00,"Hampir Tiap Hari Membuli anies Baswedan Delan Info Dan Nalar Ngawur.
Giliran Sempaknya Dibuli, Dia Marah, Dia Lapor Polisi.
DASAR ANAK KECIL.
Sanah Beli Cendol Dulu ... :face_with_tears_of_joy::face_with_tears_of_joy::face_with_tears_of_joy: https://t.co/7lgcynsym",membuli anies baswedan delan informasi nalar bicara sembarang gilir sempak dibuli marah lapor polisi dasar anak sanah beli cendol face with tears of joyface with tears of joyface with tears of joy
2021-05-12 17:24:48+00:00,Anies Baswedan Marah Dan Jemur Ratusan Asn Pemprov Dki Jakarta https://t.co/wxet4dx8hd,anies baswedan marah jemur ratus asn pemprov dki jakarta
2021-05-11 07:51:01+00:00,"@Jebulmania291 @aniesbaswedan anies baswedan Itukan Manusia Bermartabat, Dan Berkelas .. Terdidik Attitudenya, Indah Akhlaknya.
AKAN SANGAT SULIT MELIHAT BELIAU MARAH APALG KPD RAKYATYA..BAHKAN KPD SIAPAPUN ...",anies baswedan itu manusia martabat kelas didik attitudenya indah akhlak sulit beliau marah rakyatyabahkan
2021-04-27 05:06:40+00:00,"@Pitung05907627 @marlina_idha @megapolitanpos Kantor swasta yg punya Anies Baswedan juga yaa...

Nanti kalau ada PSBB lagi yg punya kantor dan pemerintah pusat marah sama Anies lagi....",kantor swasta anies baswedan ya psbb kantor perintah pusat marah anies
2021-04-17 02:47:41+00:00,"PSI, PAN, Golkar dan Nasdem mengambil sikap untuk menolak pertanggungjawaban yang disampaikan Gubernur Anies Baswedan namun partai yang kita pikir masih terluka dan marah padanya akibat Ahok jagoannya di Pilgub dijatuhkan dengan cara tak bermartabat, justru menyelamatkannya.",psi golkar nasdem ambil sikap tolak pertanggungjawaban gubernur anies baswedan partai pikir luka marah akibat ahok jago pilgub jatuh martabat selamat
2021-04-10 04:28:39+00:00,Ada Sebungkus Ketan yg disediakan padaku Kubuka Dan Ku Bercerita Tentang Anies Baswedan Daman Segala Kehebatan DP 0% Nya.Ketan Menghitam Dia Marah: ((https://t.co/umeqciplcz,bungkus ketan sedia pada buka ku cerita anies baswedan daman hebat dp nyaketan hitam marah
2021-03-07 03:11:53+00:00,"@Dias_0612 @D1as_0812 @freedomland4141 @DosaAman @1966Arjuna @Enggang_Marah @DolfieOtay @nurdin_kapo @AzrielFirdaus3 @kang_bacot @Hiroman21 @Muktian3 @perangutan_ @bimbie141 @SiTampanAlfino1 @Lord_Sakto @54rwo_00 @Raj4wal10978_xl @___k1n9f4t1Ra7a @gobeth03 @Syam42933824 @MbahuRekso1796 @myputun @dhea_melienda @dragonb21395797 @StalistS @pujisopy1 @Democrazy211 @Liebe29688934 @chakraWijaya3 @LabuLainWaluh @irza_liberti @MEffendi03 @RachmatBawono @LurahTanpoWargo @DearReAkSe @Ulllufah_fan @karyawantree @Rum4y @r4wn4__o2o2 @jaluciparay @MJtuhMasJoko @2Lingkorizal :stop_sign::stop_sign::stop_sign:_Oposisi_Kecil_:stop_sign::stop_sign::stop_sign:

4. Menko PMK: Muhadjir Effendy

Menteri Pendidikan dan Kebudayaan Republik Indonesia pada Kabinet Kerja yang menjabat sejak 27 Juli 2016 menggantikan Anies Baswedan

#IndonesiaTerancamBangkrut
#IndonesiaTerancamBangkrut",stop signstop signstop sign oposisi kecil stop signstop signstop sign menko pmk muhadjir effendy menteri didik budaya republik indonesia kabinet kerja jabat juli ganti anies baswedan indonesiaterancambangkrut indonesiaterancambangkrut
2021-03-07 03:04:30+00:00,"@DIAS_0612 @d1as_0812 @freedekland4141 @dosaaman @1966arjuna @enggang_marah @dolfieotay @nurdin_kapo @azrielfirdaus3 @kang_bacot @hiroman21 @mikantian3 @perordeFo_bacot @hiroman21 @mikantian3 @perordan.bacot @biranfio. biroman21 @mikantan3 00 @raj4wal10978_xl @___ k1n9f4t1ra7a @gobeth03 @syam42933824 @mbahurekso1796 @myputun @dhea_melienda @dragonb2139577STALISS @pujisopy1 @Democrazy211 @liebe29688934 @chakrawijaya3 @labulainwaluh @irza_liberti @meffendi03 @rachmatbawono @lurahtanpowgo @dearreaksse @ulllufaH_fan1111 414 @pejuangReceeeh @mujahidpembela @kucinghitamku20 @mahmud3tuan @mawar_merah66 @acepwaluyo @antosan1201 @peri_angsaputih @haziqmzyan @dutawan:glowing_star::glowing_star::glowing_star:panglima_minal:glowing_star::glowing_star::glowing_star:

4. Menko PMK: Muhadjir Effendy

Menteri Pendidikan Dan Kebudayaan Republik Indonesia Pada Kabinet Kerja Yang Majabat Sejak 27 Juli 2016 Menggantikan Anies Baswedan

#Indonesiaterancambangkrut
#Indonesiaterancambangkrut",bicara biroman knftraa glowing starglowing starglowing starpanglima minalglowing starglowing starglowing star menko pmk muhadjir effendy menteri didik budaya republik indonesia kabinet kerja majabat juli ganti anies baswedan indonesiaterancambangkrut indonesiaterancambangkrut
2021-03-07 03:02:28+00:00,"@D1as_0812 @Dias_0612 @freedomland4141 @DosaAman @1966Arjuna @Enggang_Marah @DolfieOtay @nurdin_kapo @AzrielFirdaus3 @kang_bacot @Hiroman21 @Muktian3 @perangutan_ @bimbie141 @SiTampanAlfino1 @Lord_Sakto @54rwo_00 @Raj4wal10978_xl @___k1n9f4t1Ra7a @gobeth03 @Syam42933824 @MbahuRekso1796 @myputun @dhea_melienda @dragonb21395797 @StalistS @pujisopy1 @Democrazy211 @Liebe29688934 @chakraWijaya3 @LabuLainWaluh @irza_liberti @MEffendi03 @RachmatBawono @LurahTanpoWargo @DearReAkSe @Ulllufah_fan @Pedjoeang451 @jhsumidi @TamongPanji @MohImro71177902 @Ary12_10 @sueb_soleh @iwan02007 @Kumis20191 @iskandar__fauzi @amburadul33 @dancersejati1 @ZahrilLabung @DayatPondok :glowing_star::glowing_star::glowing_star:Panglima_Minal:glowing_star::glowing_star::glowing_star:

4. Menko PMK: Muhadjir Effendy

Menteri Pendidikan dan Kebudayaan Republik Indonesia pada Kabinet Kerja yang menjabat sejak 27 Juli 2016 menggantikan Anies Baswedan

#IndonesiaTerancamBangkrut
#IndonesiaTerancamBangkrut",glowing starglowing starglowing starpanglima minalglowing starglowing starglowing star menko pmk muhadjir effendy menteri didik budaya republik indonesia kabinet kerja jabat juli ganti anies baswedan indonesiaterancambangkrut indonesiaterancambangkrut
2021-03-07 02:53:47+00:00,"@D1as_0812 @DIAS_0612 @Freedomland4141 @dosaaman @1966arjuna @Enggang_marah @dolfieotay @nurdin_kapo @azrielfirdaus3 @kang_bacot @hiroman21 @mikantian3 @perordan_bacot @hiroman21 @mikantan3 @kangbacot @biranfies @kangoak @kangsot @biroman 00 @raj4wal10978_xl @___ k1n9f4t1ra7a @gobeth03 @syam42933824 @mbahurekso1796 @myputun @dhea_melienda @dragonb2139577STALISS @pujisopy1 @Democrazy211 @liebe29688934 @chakrawijaya3 @labulainwaluh @irza_liberti @meffendi03 @rachmatbawono @lurahtanpowargo @dearreaksse @ullufah_fan_fanMan @dearreaKse @ullufah_fan_fanMan @deRaManSe @lufaMane @luNoMan @lufaMane @luNaMan @ulufanMan @ulufanMan @ulufanMan @ulufan khl @petirman15 @zidanedjuniorr @gentanggentong2 @mustofanurd @deva_khrisna @bhakti_yudi @muflyahmad @saadri4 :hot_springs::hot_springs::hot_springs:_tarida_indah_:hot_springs::hot_springs::hot_springs:

4. Menko PMK: Muhadjir Effendy

Menteri Pendidikan Dan Kebudayaan Republik Indonesia Pada Kabinet Kerja Yang Majabat Sejak 27 Juli 2016 Menggantikan Anies Baswedan

#Indonesiaterancambangkrut
#Indonesiaterancambangkrut",knftraa khl hot springshot springshot springs tarida indah hot springshot springshot springs menko pmk muhadjir effendy menteri didik budaya republik indonesia kabinet kerja majabat juli ganti anies baswedan indonesiaterancambangkrut indonesiaterancambangkrut
2021-02-23 07:29:29+00:00,"Menteri Pekerjaan Umum Dan Perumatan Rakyat Basuki Hadimuljono Sempat Marah-Marah Karena Sulit Bekerja Sama Gukan Gubernur Dki Jakarta Anies Baswedan Untkule Menangani Banjir Jakarta.

Kebiang Kanapa Banjir Muncul Terus Tiap Harinya?",menteri kerja umat rakyat basuki hadimuljono marahmarah sulit gukan gubernur dki jakarta anies baswedan untkule tangan banjir jakarta biang banjir muncul hari
2021-02-21 19:20:56+00:00,"Soal Banjir Jakarta, Sekjen Pdip Hasto Kristiyanto Sebut Ahok Dan Menteri Pupr Marah-Marah Ke Anies Baswedan |Portal Islam https://t.co/poq0utskda",banjir jakarta sekjen pdip hasto kristiyanto ahok menteri pupr marahmarah anies baswedan portal islam
2021-02-21 10:11:19+00:00,"Emang Ahok apa?
Bukanya Ada YG BILANG ""Mengatasi Banjir Jakarta Lebih Muda Jika Jadi Presiden?""

Soal Banjir Jakarta, Sekjen Pdip Hasto Kristiyanto Sebut Ahok Dan Menteri Pupr Marah-Marah Ke Anies Baswedan https://t.co/ekd5nmbyea",ahok buka bilang atas banjir jakarta muda presiden banjir jakarta sekjen pdip hasto kristiyanto ahok menteri pupr marahmarah anies baswedan
2021-02-21 09:21:03+00:00,"Soal Banjir Jakarta, Sekjen Pdip Hasto Kristiyanto Sebut Ahok Dan Menteri Papr Marah-Marah Ke Anies Baswedan https://t.co/DK1VGTQ5R9 https://t.co/dnlcxxd8hd9",banjir jakarta sekjen pdip hasto kristiyanto ahok menteri papr marahmarah anies baswedan
2021-02-21 06:38:04+00:00,Sekjen Pdip Hasto Kristiyanto Mengungkap Menteri Pekerjaan Umum Dan Perumatan Rakyat Basuki Hadimuljono Sempat Marah-Marah Karena Sulit Berekerja Sama Dgan Gubernur Dki Jakarta Anies Baswedan Untuk Banjnur Jakarta.,sekjen pdip hasto kristiyanto ungkap menteri kerja umat rakyat basuki hadimuljono marahmarah sulit berekerja dgan gubernur dki jakarta anies baswedan banjnur jakarta
2021-02-04 02:43:40+00:00,"Marah!Susi Pudjiastuti Tidak Terima Difitnah Jadi Cawapres anies Baswedan Dan Disingkat Asu.
#Susi #susipudjiastuti #aniesbaswedan #ANIES

https://t.co/ktr3vguftv",marahsusi pudjiastuti terima fitnah cawapres anies baswedan singkat asu sus susipudjiastuti aniesbaswedan anies
2021-01-26 06:32:01+00:00,"HABIBUROKHMAN MARAH DENGAN KADER GERINDRA YANG MISTA ANIES MUNGUR: diam KAU!: Kabid Humas Lembaga Advokasi Dan Hukum Gerindra Ali Lubis Kembali Bikin Jengkel Rekan Separtainya.Pemicunya, Ali Meminta Gubernur DKI Jakarta Anies Baswedan Mundur.https://t.co/jxf0uvlwon",habiburokhman marah kader gerindra mista anies mungur diam kabid hubung masyarakat lembaga advokasi hukum gerindra ali lubis bikin jengkel rekan separtainyapemicunya ali gubernur dki jakarta anies baswedan mundur
2021-01-24 03:04:27+00:00,"Tidak udah marah marah sama  Anies  Baswedan .. !
 ANIES  BASWEDAN DIPILIH OLEH  ORANG JAKARTA DAN TUHAN ..:thumbs_up::thumbs_up::thumbs_up::thumbs_up:https://t.co/ZZk9IGfDHr",marah marah anies baswedan anies baswedan pilih orang jakarta tuhan thumbs upthumbs upthumbs upthumbs up
2021-01-10 00:22:10+00:00,"@RepublikaOnline menurut Saya, anies Baswedan Adalah Tokoh Yang Sangan Cerdas, Tegas, Lembut, Santun Dan Merakyat.Saya Belum Pernah Liat Beliau Kasih Liat Muka Marah, Baik Ke Staff-Nya Aplgi Ke Masyarakat Kota Jakarta.

Jakarta Cocok Dibawah Kendali Orang Bertangan Dingin Bukan Berwajah Dingin.https://t.co/1unqsrcyre",anies baswedan tokoh sangan cerdas lembut santun merakyatsaya lihat beliau kasih lihat muka marah staffnya aplgi masyarakat kota jakarta jakarta cocok bawah kendali orang tangan dingin wajah dingin
2020-12-14 04:56:06+00:00,"tapi masyarakat akal sehat jadi muak alang kepalang dan marah. Terhadap itu semua, apakah Pak JK yang dulu mengusung Anies Baswedan (seperti pengakuannya sendiri) bisa dan berkenan untuk mengevaluasinya.",masyarakat akal sehat muak alang kepalang marah usung anies baswedan aku kenan evaluasi
2020-12-14 04:56:05+00:00,"TAPI MASYARAKAT AKAL Sehat Jadi Muak Alang Kepalang Dan Marah.Terhadap Itu Semua, Apakah Pak JK Yang Dulu Mengusung Anies Baswedan (Seperti Pengakuananya Sendiri) Bisa Dan Berkenan untuk MengevalUasinya.",masyarakat akal sehat muak alang kepalang marahterhadap usung anies baswedan pengakuananya kenan evaluasi
2020-11-29 05:13:10+00:00,"Baru, Tadi Malam ...:double_exclamation_mark: 
Jakarta di Bawah Anies Baswedan Panen Penghargaan.Penghargaan Bhumandala Dari Badan Informasi Geospasial (Besar).
Sampai Mumet Sirahku Bikin Kepsyen.Apa gosah diposting aja yaa.Takut Ada Yg Marah Dan Ndleming :beaming_face_with_smiling_eyes::beaming_face_with_smiling_eyes: https://t.co/2fkmu5r1q8",malam double exclamation mark jakarta anies baswedan panen penghargaanpenghargaan bhumandala badan informasi geospasial pusing sirah bikin kepsyenapa gosah diposting yaatakut marah ndleming beaming face with smiling eyesbeaming face with smiling eyes
2020-11-16 15:48:22+00:00,"Lah Kalau Tak Diurus Kelompok
Mak Banteng 'Marah' !!! :hammer:

Berita Swarakyat: Terlalu Sibuk Urus Hrs Dan Anies Baswedan, Jokowi ... https://t.co/u7xujgnpip",urus kelompok banteng marah hammer berita swarakyat sibuk urus anies baswedan jokowi
2020-10-14 12:17:35+00:00,"Sekjen PDIP DIBERITAKAN HERAN, ADA KPALA DAERAH YANG TENANG2 SAJA MELIHAT FASUM DIRUSAK.

Anies Baswedan.Tetap Tenang, Tanpa Marah-Marah, Dan Lebih Pilih Kasih Solusi.Tak Hanya Sampah Pasca Demo Yang Dibersihkan Dalam Hitungan Jam.Infrastruktur rusak sada cepat diperbaiki.https://t.co/xbn18xnzyu",sekjen pdip berita heran kpala daerah tenang fasum rusak anies baswedantetap tenang marahmarah pilih kasih solusitak sampah pasca demo bersih hitung jaminfrastruktur rusak sada cepat baik
2020-09-13 17:26:49+00:00,"• Bintang Dan Malam •

SENJA MEMANG KENYATAANANA TERLIHAT SANGAT COANTIK.Hadirnya Tenang Mengenang Sang Malam Taktum Menyampaan Rindu Lewat Bintang2.TP Tenang SJ, Kalau Jadwalnya Suda Rindu Pasti Aku Akan Dabang.Jangan Bosan2 Dirumah, Nanti Pak Anies Baswedan Marah.

#seulhun https://t.co/mrpxtzlpca",bintang malam senja kenyataanana coantikhadirnya tenang kenang sang malam taktum sampa rindu bintangtp tenang jadwal rindu dabangjangan bosan rumah anies baswedan marah seulhun
2020-09-13 04:18:52+00:00,"@syahganda @tribunnews pertanda cukong marah, buzzerp dan kakak pembina gagal menumbangkan goodbener indonesia anies baswedan",tanda cukong marah buzzerp kakak bina gagal tumbang goodbener indonesia anies baswedan
2020-09-11 23:10:17+00:00,Kebijakan Anies Baswedan Bikin Istana Naik Pitam Dan Buzzernya Marah Besar https://t.co/ogsr1kwxoa,bijak anies baswedan bikin istana pitam buzzernya marah
2020-09-11 15:35:55+00:00,Benny K Harman: Kebijakan Anies Baswedan Bikin Istana Naik Pitam Dan Buzzernya Marah Besar https://t.co/a6u3ngkb9z,benny harman bijak anies baswedan bikin istana pitam buzzernya marah
2020-09-11 10:24:33+00:00,Anies Adalah Pilihan Tuhan .. Benny K Harman: Kebijakan Anies Baswedan Bikin Istana Naik Pitam Dan Buzzernya Marah Besar https://t.co/5dujbjbxtr,anies pilih tuhan benny harman bijak anies baswedan bikin istana pitam buzzernya marah
2020-09-11 02:00:44+00:00,Benny K Harman: Kebijakan Anies Baswedan Bikin Istana Naik Pitam Dan Buzzernya Marah Besar https://t.co/otb4yb1sc7 lewat @repelita,benny harman bijak anies baswedan bikin istana pitam buzzernya marah
2020-09-04 06:08:14+00:00,"Gubernur DKI Jakarta anies Baswedan, Marah Dan Menutup Serta Mendenda Manajemen Kafe Terbalik Coffee Di Jalan Haji Nawi, Jakarta Selatan.https://t.co/h1ulzzrb11",gubernur dki jakarta anies baswedan marah tutup denda manajemen kafe balik coffee jalan haji nawi jakarta selatan
2020-08-27 13:40:48+00:00,"@GeiszChalifah Amboy, gak perlu marah-marah netizen yang mbully Pertamina om @Dennysiregar7, colok aja Anies Baswedan dan aparaturnya.",amboy marahmarah netizen mbully pertamina om colok anies baswedan aparatur
2020-08-22 12:07:13+00:00,"Pada saat situasi apapun, Anies selalu mengumbar senyum dan terlihat bahagia, dan ketika ada masalah beliau selalu menghadapinya dengan tenang.

Tapi bukan berarti Anies Baswedan tidak bisa marah, hanya saja tidak biasa marah-marah apalagi memarahi orang di depan orang ramai. https://t.co/7C8y7efUnY",situasi apa anies umbar senyum bahagia beliau hadap tenang anies baswedan marah marahmarah parah orang orang ramai
2020-08-17 02:18:41+00:00,"@Relawananies @Reiza_Patters @tatakujiyati @Toperendusara1 @kebijakananies @sahabatanies_ @marlina_idha Itulah pak Anies Baswedan, hatinya bersih, pemikirannya brillian, otaknya cerdas, ilmunya tinggi, berjuang dengan ikhlas, namun tetap rendah hati. Nggak marah di-bully. Semoga Allah SWT senantiasa melindungi dan meridhoi perjuangan beliau, aamiin.",anies baswedan hati bersih pikir brillian otak cerdas ilmu juang ikhlas rendah hati marah dibully moga allah swt senantiasa lindung meridhoi juang beliau amin
2020-07-24 12:15:27+00:00,"Marah Dan Geram, Anies Baswedan: Hai Kau Pendecut, Lihatkan Wajah Bayi 3 Bulan, Kini Dia Yatim!https://t.co/kuxglqqycj",marah geram anies baswedan hai decut lihat wajah bayi yatim
2020-07-20 07:03:03+00:00,"Saat Anies Baswedan mengaku orang Jawa, wabil khusus orang Yogyakarta, banyak sekali orang yang marah, nyinyir, dan mengejek. Saya justru tertawa terbahak, sekaligus meneteskan air mata. Justru terharu oleh kebodohan dan kesombongannya.",anies baswedan aku orang jawa wabil khusus orang yogyakarta orang marah nyinyir ejek tertawa bahak tetes air mata haru bodoh sombong
2020-06-29 11:35:29+00:00,"Anies Baswedan selama jadi Gubernur DKI tidak pernah terlihat marah.. Menghadapi persoalan dan penyelesaian masalah dengan Sabar dan semua bisa terselesaikan. 
Marah bukan menyelesaian masalah justru bikin 
Ruwet Ruwet Ruwet 
#AniesMemangKeren",anies baswedan gubernur dki marah hadap selesai sabar selesai marah selesai bikin ruwet ruwet ruwet aniesmemangkeren
2020-05-09 06:15:10+00:00,Menko PMK Muhadjir Effendy Mengaku Sempat Bersitegang Dan Marah Besar Delan Gubernur Dki Jakarta Anies Baswedan.PENYEBABYA ADALAH KETIDAKSINKRONAN DATA MENGENAI PENIALURAN BANTUAN SOSIAL (BANSOS) UNTUK MASYARAKAT YANG Terdampak Pandemi Virus Corona (Covid-19) Di Jakarta.,menko pmk muhadjir effendy aku bersitegang marah delan gubernur dki jakarta anies baswedanpenyebabya ketidaksinkronan data penialuran bantu sosial bansos masyarakat dampak pandemi virus corona covid jakarta
2020-04-29 13:40:15+00:00,"SAYA, KALAU UDAH LAMA NGGAK EMOSI DAN PINGIN MARAH-MARAH, GAMPANG CARANYA: BUKA Twitter.Baca ocehananya anies Baswedan, Tengku Zulkarnaen, Hidaya Nurwahid, Fadli Zon, kata Didu, Rizli Ramli Udah Cukup Barat Mecahin Gelas Satu Lusin.",emosi pengin marahmarah gampang buka twitterbaca ocehananya anies baswedan tengku zulkarnaen hidaya nurwahid fadli zon didu rizli ramli barat mecahin gelas lusin
2020-04-20 01:51:30+00:00,"Gubernur anies baswedan sangiatlah beruntung, dosanya diambil para buzzer dan para pembenci beliau .... begitu legowonya beliau dibully dan dicaci maki, dia tidak pernah marah cuma disenyumin aja ...
Subhanallah, Semoga Allah SWT Melindungi Beliau ....",gubernur anies baswedan sangiatlah untung dosa ambil buzzer benci beliau legowonya beliau dibully caci maki marah disenyumin subhanallah moga allah swt lindung beliau
2020-04-14 14:36:23+00:00,"Anies Baswedan sudah jelas berpihak kepada masyarakat yang berekonomi lemah. Kaum miskin dan rentan miskin. 
Kalau ada yang dapat bantuan sembako kemudian marah merasa bantuan masih kurang. 
Yakinlah mereka itu Jokower Ahoker yang gak tau diri 
Miskin Dungu https://t.co/EGgsNCrs1x",anies baswedan pihak masyarakat ekonom lemah kaum miskin rentan miskin bantu sembilan bahan pokok marah bantu yakin jokower ahoker miskin dungu
2020-04-08 01:36:52+00:00,[Hoax] Anies Baswedan Marah dan Jokowi Mengaku Dirinya Pembantu Tiongkok https://t.co/VSxbpFIs3Y via @DetaxId,isu bohong anies baswedan marah jokowi aku bantu tiongkok via
2020-03-27 15:23:02+00:00,"@FerdinandHaean2 @mas_piyuuu @aniesbaswedan Yg di kritik yg memang benar dan jelas.. tapi loe nyerang @aniesbaswedan kadang gak pernah ada yg benar malah fitnah.. di situ lah perbedaan nya..

Anies baswedan waspada covid tapi kalian marah.. dia waspada covid demi rakyat nya di jakarta.. kenapa kalian marah..",kritik serang kadang fitnah situ beda nya anies baswedan waspada covid marah waspada covid rakyat nya jakarta marah
2020-03-27 08:04:09+00:00,Mau Torggu Anies Dan Jokowi Widodo Dan Maruf Amin Torgai Sampai Tahun Shio Monyet Jagi Kagak Muncul Tuh Ada Nya Masker Dicuri Oheh Orang Digeka Mereka Ini Nyata LoHa Lea Liali Liali Liali LiApan LiAdang. BIHMarah.https://t.co/l3upm9oldk,torggu anies jokowi widodo maruf amin torgai shio monyet jagi muncul tuh nya masker curi oheh orang digeka nyata loha lea liali liali liali liapan liadang bihmarah
2020-03-19 04:28:39+00:00,"@HAIKALS_OS @4smara1701 @Aniesbaswedan Ada Penguasa Yang Pernah Dibawah Asuhan Dan Bimbingan Pak Anies Baswedan, Tapi Karena Gak Pinter² Jagi, Penguasa Culas Itu MARAH, LALU memecat gurunya sendiri ..",kuasa bawah asuh bimbing anies baswedan pinter jagi kuasa culas marah pecat guru
2020-02-29 23:35:54+00:00,"BELA ANIES BASWEDAN DAN SINDIR PSI Yang Bully Gubernur, Narasumber Di Ilc ini Dipuji Karni Ilyas

Hanya Cebong Dan Togog, Yang Menjadikan Musibah Lahan Untukur Menencari Makan.

Para Taikpan Marah Reklamasi Mati Suri, Mengerahkan Buzzer Bayaran.https://t.co/bpagvnyndf",bela anies baswedan sindir psi bully gubernur narasumber ilc puji karni ilyas cebong togog jadi musibah lahan untukur menencari makan taikpan marah reklamasi mati suri kerah buzzer bayar
2020-02-27 17:57:47+00:00,"Reklamasi digagalkan Anies Baswedan,para cukong marah dan mengerjakan para penghianat bangsa ini yang bisa dibeli,untuk menjegal dan bully @aniesbaswedan",reklamasi gagal anies baswedan cukong marah penghianat bangsa beli jegal bully
2020-02-26 07:17:29+00:00,"Komisi v Sangan Marah Sama Anies Baswedan, Ridwan Kamil Dan Wahidin Halim Https://t.co/Mcg3Ji70py Lewat @repelita",komisi v sangan marah anies baswedan ridwan kamil wahidin halim httpstcomcgjipy
2020-02-26 02:01:12+00:00,"atau di balas dengan cara apapun apalagi di laporkan dan itu tidak mungkin terjadi, marah saja Pak Anies Baswedan tidak pernah. 

Beliau Lebih baik bekerja dengan narasi gagasan ide untuk memberikan manfaat bagi masyarakat yg berkeadilan dan ada hal yang lebih penting untuk",balas apa lapor marah anies baswedan beliau narasi gagas ide manfaat masyarakat adil
2020-02-25 15:11:14+00:00,"Muhammad Zazuli Menyebut Bahwa Ekpresi Korban Banjir Tersebut Karena Kecewa & amp;Marah Terhadap Gubernur Dki Saat Ini Anies Baswedan Karena Tidak Becus Dan Gagal Mengatasi Banjir Dki Yang Suda Berjilid-Jilid Menghantam Dki Jakarta.
#Ilcsalahkananies",muhammad zazuli sebut ekpresi korban banjir kecewa ampmarah gubernur dki anies baswedan becus gagal atas banjir dki berjilidjilid hantam dki jakarta ilcsalahkananies
2020-02-08 08:27:04+00:00,"Gus Dur Dihina Dan Dicaci Santai Saja
H.AGUS SALIM DIHINA DICACI BIASA SAJA.
Sby Dihina Dan Dicaci Ngga Marah.
Anies Baswedan Dihina Dan Dicaci Cuek Saja.
Karena apa..mereka tak mau guy energi yg tak tak",gus dur hina caci santai hagus salim hina caci surabaya hina caci marah anies baswedan hina caci cuek apamereka guy energi
2020-01-19 01:22:24+00:00,"@4smara1701 Emang nya junjungan ente Anies Baswedan kagak marah-marah? Mending, ai Anies langsung mecat mecatin orang bari marah-marah udah gitu bodoh pula dan gak bisa kerja..! Makanya dipecat jadi Mentri....",nya junjung ente anies baswedan marahmarah ai anies langsung mecat mecatin orang bari marahmarah bodoh kerja pecat tri
2020-01-10 05:51:48+00:00,"Semoga Marah ""Nya Gak Cuma Action.

Gegara Banjir, Anies Baswedan Bakal Mimpi Buruk Menghadapi Kemarahan Publik Dan Dprd Dki https://t.co/5kss8vafcm",moga marah nya action gegara banjir anies baswedan mimpi buruk hadap marah publik dprd dki
2020-01-01 07:57:17+00:00,"Dana Penanggulangan Banjir Jakarta, Dipotong Anies Baswedan.Tahun 2018 Dipotong 242 Miliar Rupiah Dan Tahun 2019 Dipotong 500 Miliar Rupiah ..

Seiman Gubernurnya, Bahagia Tguppnya ..

https://t.co/l9detdmp0q

Air Jaga Marah Klo Anggarannya Dipotong

#Banjirjakarta",dana tanggulang banjir jakarta potong anies baswedantahun potong miliar rupiah potong miliar rupiah iman gubernur bahagia tguppnya air jaga marah anggar potong banjirjakarta
2019-11-28 08:31:10+00:00,"Agnes MO, Anies Baswedan Dan Sukanto Tanoto Dalam Nasionalisme Kita -
OLEH: Syahganda Nainggolan (Lingkaran Sabang Merauke)

Banyak Tokoh -Tokoh Pegiat Politik Marah Delangan Agnes Mo Beberapa Hari ini .... -https: //t.co/rsnwzxdkuw ... https://t.co/z8kwfhis5r",agnes anies baswedan sukanto tanoto nasionalisme syahganda nainggolan lingkar sabang merauke tokoh tokoh giat politik marah dang agnes tcorsnwzxdkuw
2019-11-26 05:40:39+00:00,"Gubernur DKI Anies Baswedan, menegur Deputi Gubernur Bidang Pariwisata dan Kebudayaan, Dadang Solihin, yg berdebat dengan para seniman Taman Izmail Marzuki terkait revitalisasi, yg videonya viral. Dadang mengaku sedang sakit sehingga suaranya serak dan terlihat seperti marah.",gubernur dki anies baswedan tegur deputi gubernur bidang pariwisata budaya dadang solihin debat seniman taman izmail marzuki kait revitalisasi video viral dadang aku sakit suara serak marah
2019-11-23 16:47:51+00:00,Video Viral Diduga Staff Anies Baswedan Marah dan Bentak Seniman Beredar   https://t.co/PE1EMmuqYW https://t.co/Nd2s1NAD2g,video viral duga staff anies baswedan marah bentak seniman edar
2019-11-23 16:47:42+00:00,Video Staf Diduga Viral Anies Baswedan Marah Dan Bentak Seniman Beredar https://t.co/7rimihe0bq via @indopolitika,video staf duga viral anies baswedan marah bentak seniman edar via
2019-11-13 13:02:25+00:00,NASIB RAJA YUNAN /TAN KIM SENG /YUNAN KAMTIBMAS DAN MITRA KAMTIBMAS SELURUH INDONESIA SAMA DENGAN PAK JOKOWI WIDODO DAN PAK ANIES BASWEDAN FOTO DI EDIT SEPERTI INI TAPI RAJA YUNAN /TAN KIM SENG/YUNAN KAMTIBMAS DAN MITRA KAMTIBMAS SELURUH INDONESIA TIDAK MARAH TAPI TERIMAKASIH https://t.co/ARPMh7cSvU,nasib raja yunan tan kim seng yunan aman tertib masyarakat mitra aman tertib masyarakat indonesia jokowi widodo anies baswedan foto edit raja yunan tan kim sengyunan aman tertib masyarakat mitra aman tertib masyarakat indonesia marah terimakasih
2019-11-11 01:04:14+00:00,"Anies baswedan.santun sabar dan ramah, gak kayak satunya marah 2,sok paling benar dan pinter ,dan pinter aktignya",anies baswedansantun sabar ramah kayak satu marah sok pintar pintar aktignya
2019-11-09 07:44:01+00:00,"ANIES BASWEDAN TIDAK PUSING DAN MARAH WAJAH NYA DI UBAH JADI JOKER SEBAB ANIES BASWEDAN TIDAK MERASA ITU WAJAH DIRI NYA JADI ADE ARMANDO TIDAK BISA DI PROSES SECARA HUKUM SEBAB YANG BERSANGKUTAN TIDAK MERASA DAN MARAH ATAS DUGAAN KASUS JOKER 
https://t.co/ZcFJPJbvkS",anies baswedan pusing marah wajah nya ubah joker anies baswedan wajah nya adek armando proses hukum sangkut marah duga joker
2019-11-08 13:28:20+00:00,"Yang marah saat jokowi dibikin gambar pinokio bisa ketawa saat anies baswedan dibikin joker,

Eh yg ketawa saat jokowi dibikin pinokio kini marah saat anies baswedan dibikin joker ...

Apa Sih Yang Kalian Cari Selain Dengki Dan Perengkaran?",marah jokowi bikin gambar pinokio ketawa anies baswedan bikin joker eh ketawa jokowi bikin pinokio marah anies baswedan bikin joker sih cari dengki perengkaran
2019-10-04 22:59:44+00:00,"@w_runturambi @ishano80 @aniesbaswedan @jokowi Apk Anies Baswedan banding dgn jokowi
Seperti langit dan bumi. 

Dari segi Bahasa aja udah kalah telak, 
Mau bahasa Indonesia ataupun English. 

Segi wawasan apa lagi. 

Segi leadership tambah parah... 
:smiling_face_with_sunglasses:

Jgn marah bong, itu pendapat gw",apk anies baswedan banding jokowi langit bumi segi bahasa kalah telak bahasa indonesia english segi wawas segi leadership parah smiling face with sunglasses marah bong dapat
2019-08-06 14:09:34+00:00,"Anies Baswedan Pernah Jadi Jubir Tim Pemenangan Jokowi-JK Di 2014.
Pertanyaanya:
APA PERAN BASUKI TJAHAJA Purnama Dalam Tim Pemenangan Jokowi-JK 2014 Dan Jokowi-Amin 2019.?!- Merasa Marah",anies baswedan juru bicara tim menang jokowijk pertanyaanya peran basuki tjahaja purnama tim menang jokowijk jokowiamin marah
2019-08-02 01:54:21+00:00,"TERNYATA.. lokasi pengambilan gambarnya di Bekasi, tapi kompas dan Partai Nasi Adem marah-marahnya ke Pak Anies Baswedan, pakai bawa-bawa walkot... https://t.co/9buzuNhxnz",lokasi ambil gambar bekas kompas partai nasi adem marahmarahnya anies baswedan pakai bawabawa walkot
2019-07-24 13:11:04+00:00,"Anies baswedan Hari ini:
1. ""Didandeng"" Gus Miftah
2. ""Dipromosiin"" Surya Paloh

Tentu Ada Yg Kaget
Tugas Kita Bukan Kaget
Bukan Marah Dan Kecewa Pula

Tugas Kita Warga DKI Adalah Mengawal, Memantau Dan Anggota Saran Pd Tugas Dan Kewajiban Beliau Sbg Gub Dki.",anies baswedan didandeng gus miftah dipromosiin surya paloh kaget tugas kaget marah kecewa tugas warga dki awal pantau anggota saran tugas wajib beliau gub dki
2019-07-18 01:07:02+00:00,"Terimakasih pak Anies Baswedan, membuat Jakarta Lebih Baik tanpa marah marah dan menyakitkan umat tertentu",terimakasih anies baswedan jakarta marah marah sakit umat
2019-05-25 11:54:53+00:00,@Cnnindonesia knp anies baswedan tidak penggutuk dan marah atas perbuatan parah perusuh merusak taman?Kalaupun di Perbaiki Lagi Tohh Anggraran Bukan Dari Kantong Pribadikan?Melainkan Menggunakan Anggraran rapbd jakarta.harusnya dia sebagai pimpinan dki 1 jam bersikap tegas!,anies baswedan gutuk marah buat parah rusuh rusak tamankalaupun baik anggraran kantong pribadikanmelainkan anggraran rapbd jakartaharusnya pimpin dki jam sikap
2019-05-23 21:24:43+00:00,"Salut Buat Gubernur Jakarta Anies Baswedan
@ANIESBASWEDAN
Bekerja Dan Bersikap, Tanpa Perlu di Media LIPUT.
Bekerja Tanpa Perlu Marah Marah",salut gubernur jakarta anies baswedan sikap media liput marah marah
2019-04-27 02:55:49+00:00,KLO LAT BERITA TENTANG PAK ANIES BASWEDA Teh SENENG LIHATYA .. GAG ADA MARAH-MARAH DAN EEK-EEK LAGI .. :grinning_squinting_face::grimacing_face:,lat berita anies basweda kakak perempuan senang lihatya marahmarah eekeek grinning squinting facegrimacing face
2019-04-10 08:57:37+00:00,":Indonesia: :red_heart::backhand_index_pointing_up::red_heart::victory_hand::red_heart::index_pointing_up::Indonesia:

Heart: *The Three Musketeers of Indonesia* :heart:

*Anies Baswedan*

Cerdas, religius, kalem, jujur, dan emosinya selalu terjaga. Tidak pernah terlihat marah-marah, tapi juga tidak pernah... https://t.co/vC841aT4rP",indonesia red heartbackhand index pointing upred heartvictory handred heartindex pointing upindonesia heart the three musketeers of indonesia heart anies baswedan cerdas religius kalem jujur emosi jaga marahmarah
2019-03-30 08:26:28+00:00,"3. Pemain Hanya Ahoker-Mafia Balai Kota Yang Marah Dan Merang.Sebabnya Lahan Korupsi Mereka Dipotong Anies Baswedan.
Hampir Dua Tahun Pasca Anies-Sandi Dilantik, Jakarta Tetap Jakarta.

#Pkivspancasila",main ahokermafia balai kota marah merangsebabnya lahan korupsi potong anies baswedan pasca aniessandi lantik jakarta jakarta pkivspancasila
2019-01-23 23:40:50+00:00,"@SurveiPolitikRI Gubernur yang memikirkan rakyat adalah anies baswedan lebih berwibawa dan tanpa ada marah, lebih santun dalam berbicara",gubernur pikir rakyat anies baswedan wibawa marah santun bicara
2019-01-10 15:04:12+00:00,"@KPU_ID @mas_abudiman @viryanazis @novida_evi @masws1533 @PramonoUtan @hsym_asyari @arifhakim66 @robie2u @K_Setyawan Buktikan, dan laksanakan UU pemilihan umum 

Ketahuilah jika masyarakat sangat marah dengan di panggilnya ANIES Baswedan oleh Bawaslu 
#SaveAniesBaswedan",bukti laksana uu pilih tahu masyarakat marah panggil anies baswedan bawaslu saveaniesbaswedan
2019-01-08 09:25:07+00:00,@King54fir @aniesbaswedan Bawaslu jangan bermain api. Bersikaplah yang adil dan seimbang. Kalo Anies Baswedan kalian ancam sanksi pidana bagaimana dengan kelompok sebelah yang jelas para kepala pemerintah di daerah dengan mengancungkan tangan No. 01. Ingat Umat Islam akan marah bila tetap kalian eksekusi,bawaslu main api sikap adil imbang anies baswedan ancam sanksi pidana kelompok belah kepala perintah daerah kancung tangan no umat islam marah eksekusi
2018-12-29 17:09:40+00:00,"@Mentimoen Haelaaa Bongg,, Mulut Lu busuk. Koar2 merendahkan Anies. Mata Lu Buta. Otak Lu Somplak. Ahok dan Walikota Singkawang itu sudah berapa Penghargaaan dibanding Anies Baswedan @Mentimoen ?
Tidak ada orang pintar dn besar didunia tukang marah dimuka umum. Etikanya dimana?",haelaaa bongg mulut busuk teriak rendah anies mata buta otak somplak ahok walikota singkawang penghargaaan banding anies baswedan orang pintar dunia tukang marah muka etika mana
2018-12-17 02:15:35+00:00,"https://t.co/UWB0S5NKeT

setiap saya bertemu Mas Anies Baswedan pertanyaan Stadion selalu ada, karena Insha Allah SWT spirit ini saya jaga sampai stadion benar-benar ada dan semua bisa menikmati, bukan ngoceh-ngoceh marah nuduh stadion gak akan dibangun tapi,",temu mas anies baswedan stadion insha allah swt spirit jaga stadion benarbenar nikmat ngocehngoceh marah tuduh stadion bangun
2018-12-13 11:10:28+00:00,"@mustofa_4riez @detikcom @prabowo setUju bro.SPERTI Waktu Blg Dipukul Orang Trnyata Oplas (Ratna Sarumpaet), Blg Prabowo Tukang Marah Dan Diilisi Golongan Yg TDK Bisik (Anies Baswedan), ATAU Waktu BLG, Presiden, Ummat Trnyata Gak Bisa Bisa Bisa Bisa Bisa Bisa Bisa Bisa Bisa Bisa Bisa Bisa Bisa Bisa BisaMunafik Bener.",tuju brosperti bilang pukul orang operasi plastik ratna sarumpaet bilang prabowo tukang marah diilisi golong bisik anies baswedan bilang presiden ummat bisamunafik
2018-12-10 08:14:11+00:00,@Hilmi28 @aniesbaswedan Maklum Aja Pak Ustadz Gubernur Andalan Mereka Gak Pny Prestasi Kecuali Marah Marah Dan Ngumpulin Cebong Di Balaikota..Jadi Sakit Pake Banget Kalo Anies Basweded Dapat Dapat Dapat Dapat Dapat Dapat Dapat Dapat Dapat Dapat Dapat Dapat Dapat Dapat Dapat Dapat,maklum ustadz gubernur andal prestasi kecuali marah marah ngumpulin cebong balaikotajadi sakit pakai banget anies basweded
2018-12-02 17:20:42+00:00,"@Edisantoso78edi @gunromli @kingsalman @os_alshuibi @ksamofaen @prabowo @aniesbaswedan @fadlizon dia Pake Arab, ane buta donk:zany_face:.
*Bahwa memang Benar Terjadi Pembakaran Ar-Rayah.JUGA TELAH DIVONIS 10 Hari.Apa yang disampaan iheh duta besar Arab saudi di indonesia bukanlah fitnah karena prabowo, anies baswedan dan fadli zon memang marah gangan pembakaran bendera tauhid.",pakai arab ane buta donkzany face bakar arrayahjuga vonis hariapa sampa iheh duta arab saudi indonesia fitnah prabowo anies baswedan fadli zon marah gang bakar bendera tauhid
2018-10-09 03:00:03+00:00,"Kita haus hormat pada presiden ri joko widodo, krn Itu presiden Yang Sah sesuai uu.Sama JUGA Kita HARUS HORMAT KPD GUBERNUR ANIES BASWEDAN.Walaupun Bukan Pilihan Kita.Kecewa, Kritik, Marah Boleh Aja.Pake CARANYA YG BENER JANGAN MERENDAHKAN DAN KELUAR KONTEKS.",haus hormat presiden ri joko widodo presiden sah sesuai uusama hormat gubernur anies baswedanwalaupun pilih kitakecewa kritik marah ajapake rendah konteks
2018-09-24 03:07:38+00:00,"Duka dan Marah Anies Baswedan atas Tewasnya Pendukung Persija
https://t.co/hO97KNw9ve https://t.co/ZPujSTHh4s",duka marah anies baswedan tewas dukung persija
2018-09-24 02:42:02+00:00,Anies Baswedan Marah Dan Berduka Atas Tewasnya Supporter Persija Di Gbla https://t.co/j3dvosw0po,anies baswedan marah duka tewas supporter persija gbla
2018-09-23 23:10:34+00:00,"Anies Baswedan: Jangan Ada Aksi Balasan, Meski Kita Kecewa Dan Marah https://t.co/9fvi7mbjp9 https://t.co/wzaasfm7zf",anies baswedan aksi balas kecewa marah
2018-08-19 14:40:58+00:00,"https://t.co/MuiPkvDKX5

*CATATANKU*

*ANIES BASWEDAN DIPERSEKUSI UNTUK KE DUA KALINYA*

*WARGA DKI JAKARTA SANGAT KECEWA DAN MARAH BESAR*... https://t.co/MuiPkvDKX5",catat anies baswedan persekusi kali warga dki jakarta kecewa marah
2018-08-19 12:48:18+00:00,"https://t.co/Y8cdJeHbNW

*CATATANKU*

*ANIES BASWEDAN DIPERSEKUSI UNTUK KE DUA KALINYA*

*WARGA DKI JAKARTA SANGAT KECEWA DAN MARAH BESAR*
:enraged_face::enraged_face::enraged_face::enraged_face::enraged_face::enraged_face::enraged_face::enraged_face:... https://t.co/OTLMaOCZxm",catat anies baswedan persekusi kali warga dki jakarta kecewa marah enraged faceenraged faceenraged faceenraged faceenraged faceenraged faceenraged faceenraged face
2018-07-31 12:47:06+00:00,Untung Pak Anies Baswedan santun dan gak pernah marah-marah. Jadi walaupun ada kasus pohon plastik yang menghabiskan milyaran rupiah dan kasus jalur sepeda ini tetap saja beliau tidak akan memarahi bawahannya. Yang penting santun. :smiling_face_with_smiling_eyes:,untung anies baswedan santun marahmarah pohon plastik habis milyaran rupiah jalur sepeda beliau parah bawah santun smiling face with smiling eyes
2018-04-12 09:27:12+00:00,"@khairul_1411 @gunromli @Suaraanies roflmao lu cuma ulangi omongannya si @suaraanies

Ini Berarti Kamu Tetap Ga Ngerti Kenapa Pak Gus Marah.

Jadi Skrg Yg Bego Siapa?

Lain Kali Belajar Berpikir Sendiri Yah.Jangan Jadi Pendukung Politeri Buta Dan Jadi Buzzer Anies Baswedan.Kalian Ga Beda DGN Ahokers.Selamat tinggal",roflmao ulang omong sih erti gus marah bego kali ajar pikir yahjangan dukung politeri buta buzzer anies baswedankalian beda ahokersselamat tinggal
2018-04-04 11:32:20+00:00,"Ratna Sarumpaet Main Jaelangkung.Jaelangkungnya Datang.Ibu Ratnanya Mencak-Prencak, Marah, Takut Dan Telpon Anies Baswedan.Jaelangkungnya Nganter Ibu Ratna Pulu Ke Rahat Sampai Selamat.",ratna sarumpaet main jaelangkungjaelangkungnya datangibu ratna mencakprencak marah takut telpon anies baswedanjaelangkungnya nganter ratna pulu rahat selamat
2018-04-03 16:30:00+00:00,"Video: Petugas Dishub Derek Mobilnya, Ratna Sarumpaet Marah Dan Telepon Anies Baswedan https://t.co/babyvug8p2 https://t.co/p88rgvino",video tugas dishub derek mobil ratna sarumpaet marah telepon anies baswedan
2018-04-03 14:09:46+00:00,"Viral, Ratna Sarumpaet Marah Mobilnya Diderek Dan Bilan Telepon Anies Baswedan

Ratna Sempat Marah-Marah Kepada Petugas Dinas Perhubungan Dki Jakarta Karena Merasa Tak Salah Memarkirkan Mobilnya Di Pinggir Jalan ... https://t.co/sf5qgkpj3d.",viral ratna sarumpaet marah mobil derek bilan telepon anies baswedan ratna marahmarah tugas dinas hubung dki jakarta salah parkir mobil pinggir jalan
2017-12-23 12:46:15+00:00,Saya menambahkan video ke daftar putar @youtube https://t.co/5oa8ijd6lt anies baswedan marah Dan pusing delan banjir.MEMinta Bagaimana Cara,video daftar putar anies baswedan marah pusing delan banjirmeminta
2017-12-12 09:26:33+00:00,"https://t.co/sqbnailqmt

Sejumlah Perwakilan Ormas Dan Kelembagaan Masyarakat Marah Atas Penundaan Agenda Makan Siang Bersama Gubernur Dki Jakarta Anies Baswedan.Kenapa Ditunda?",wakil ormas lembaga masyarakat marah tunda agenda makan siang gubernur dki jakarta anies baswedankenapa tunda
2017-12-12 07:27:58+00:00,"https://t.co/h3Mpew7PBk

Sejumlah perwakilan ormas dan kelembagaan masyarakat marah atas penundaan agenda makan siang bersama Gub. Anies Baswedan. Kenapa ditunda? @lau_irawan @SoffiAgus @MuhSujarw4 @hudattamini @senasurya53",wakil ormas lembaga masyarakat marah tunda agenda makan siang gub anies baswedan tunda
2017-11-11 07:05:32+00:00,Video SUKA Saya @youtube https://t.co/js2vdcpamt 'penak jaman sopo' buruh marah dikibulin anies baswedan dan minta ahok kembali -,video suka penak jaman sopo buruh marah dikibulin anies baswedan ahok
2017-11-05 04:29:02+00:00,Video SUKA Saya @youtube https://t.co/x6sjz7bohh 'Pak Jokowi Marah Besar' Belum apa anies Baswedan Dan Sandiaga Uno Minta Tambahan,video suka jokowi marah anies baswedan sandiaga uno tambah
2017-10-20 07:06:35+00:00,"Kena Macet, Artis Muda Ini Marah-Marah Dan Protes Ke Anies Baswedan https://t.co/KKHFWHZLKC https://t.co/vabeojshhk",kena macet artis muda marahmarah protes anies baswedan
2017-10-16 22:45:33+00:00,Komunitas tionghoa di jakarta marah atas ucapan anies baswedan yg di anggap rasis.dan meminta agar -agar Gubernur meminta maaf,komunitas tionghoa jakarta marah ucap anies baswedan anggap rasisdan gubernur maaf
2017-09-03 06:05:01+00:00,Anies Baswedan Marah Besar dan Inilah Seruan Serta Tuntutan Gubernur DKI Terpilih https://t.co/foO6rbNKYH,anies baswedan marah seru tuntut gubernur dki pilih
2017-09-03 05:43:09+00:00,Anies Baswedan Marah Besar Dan Inilah Seruan Serta Tuntutan Gubernur Dki Terpilih: Gubernur DKI Terpilih Anies… https://t.co/znggrwrs37k,anies baswedan marah seru tuntut gubernur dki pilih gubernur dki pilih anies
2017-09-03 05:34:11+00:00,Anies Baswedan Marah Besar dan Inilah Seruan Serta Tuntutan Gubernur DKI Terpilih: Gubernur DKI Terpilih… https://t.co/wZlfw61m1m #politik,anies baswedan marah seru tuntut gubernur dki pilih gubernur dki pilih politik
2017-04-30 04:26:49+00:00,Ahok Tertibkan Hunian Liar Yang Bikin Kumuh Jakarta ... anies Baswedan Marah Dan Perintahkan Ahok Unkukan ... https://t.co/shsp02lcxv,ahok tertib huni liar bikin kumuh jakarta anies baswedan marah perintah ahok unkukan
2017-04-29 04:58:17+00:00,Ahok Tertibkan Hunian Liar Yang Bikin Kumuh Jakarta ... anies Baswedan Marah Dan Perintahkan Ahok Unkukan Ini… https://t.co/v0xibyqdok,ahok tertib huni liar bikin kumuh jakarta anies baswedan marah perintah ahok unkukan
2017-04-20 04:31:20+00:00,Saya Mendengar Kisa Pak Anies Baswedan Yg Diberhentikan Dari Kursi Menteri.Beliau Tidak Marah Dan Berusiaa ... https://t.co/ki2in9zoz2,dengar kisa anies baswedan henti kursi menteribeliau marah berusiaa
2017-03-08 01:41:15+00:00,Anies Baswedan Ngeles dan Marah Lalu Menyalahkan Kompas tv Padahal dia yang datang terlambat https://t.co/RT46lAw0kx,anies baswedan kilah marah salah kompas tv lambat
2017-02-24 03:26:20+00:00,"Kabar Pagi ini Geger ,, anies Baswedan Marah Besar Ke Sandiaga Uno Dan Minta Supaya Sandiaga Uno Mundur Jadi ... https://t.co/o2lb7ndvcb",kabar pagi geger anies baswedan marah sandiaga uno sandiaga uno mundur
2017-02-08 04:17:01+00:00,Semua kata-kata tersebut diucapkan anies baswedan  dengan mimik wajah marah dan penuh kebencian #AniesCagubBoneka sandiaga,katakata anies baswedan mimik wajah marah penuh benci aniescagubboneka sandiaga
2017-01-05 11:18:40+00:00,Pendukung Ahok Ini Marah Dan Sebut Pandangan Negarawan Dan Intelektual Anies Baswedan Telah Habis https://t.co/pivhvc6cid,dukung ahok marah pandang negarawan intelektual anies baswedan habis
2017-01-05 11:06:14+00:00,Pendukung Ahok Ini Marah Dan Sebut Pandangan Negarawan dan Intelektual Anies Baswedan… https://t.co/cBsiJ9LlIe https://t.co/pDtxz504EV,dukung ahok marah pandang negarawan intelektual anies baswedan
2016-11-26 00:22:16+00:00,Anies Baswedan: Saya Tahat Bisa Terima Dan Marah Keras Atas Apa Yang Terjadi Di Negara Myanmar https://t.co/gfvxsddqmr https://t.co/HQUPTECBDR,anies baswedan tahat terima marah keras negara myanmar
2016-11-25 15:10:39+00:00,Anies Baswedan: Saya Tidak Bisa Terima dan Marah Keras Atas Apa yang Terjadi di Myanmar https://t.co/Kl7sDuY9xt,anies baswedan terima marah keras myanmar
2016-10-13 05:17:27+00:00,"@Breengoss itu karena Anies Baswedan amat munafik dan agak curang, dari UGM lebih banyak lagi yg marah dan mengecam Anies",anies baswedan munafik curang ugm marah kecam anies
2016-06-15 19:01:28+00:00,"KETIKA MENTERI ANIS MARAH KEPADA ANAK BUAHNYA
Catatan:
Tulisan Menteri Pendidikan dan Kebudayaan Anies Baswedan... https://t.co/dHHhtXKMwN",menteri anis marah anak buah catat tulis menteri didik budaya anies baswedan
2015-12-19 20:50:21+00:00,"Baru ngeh, AA ini marah banget pada Presiden dan Anies Baswedan karena proposal projek G. Padangnya tdk didukung.  https://t.co/ynVXieFiVH",sadar aa marah banget presiden anies baswedan proposal projek padang dukung
2015-07-29 00:35:29+00:00,Terimakasih Kepada Mendikbud anies Baswedan Yang Pagi Ini Slahah Marah-Marah Dan Menyuruh Para Siswa Baru Di Tanggaru Nanggalin Atribut Mos,terimakasih mendikbud anies baswedan pagi slahah marahmarah suruh siswa tanggaru nanggalin atribut mos
2014-07-22 09:06:53+00:00,@agus_noor @bluesmerbabu kata mas anies baswedan di belakang layar pak jkw sebenarnya sudah marah dan gak percaya sama wowo.,mas anies baswedan layar jkw marah percaya wowo
2014-05-30 09:33:04+00:00,"Beda Pilihan Figur It Normal, Warak & amp; manusiawi.santai Saja, Tidak Perlu Kecewa Dan Marah Pada Orang Lain Yg Pilihanya Berbeda.",beda pilih figur normal warak amp manusiawisantai kecewa marah orang pilihanya beda
2011-08-22 15:03:59+00:00,"""Kita tahu+marah saat alam dijarah asing, tapi tahukah -dan marahkah- kita ttg rakyat tak tercerdaskan ?"" -Anies Baswedan. #RealCare",tahumarah alam jarah asing tahu marah rakyat cerdas anies baswedan realcare
2010-10-25 21:53:44+00:00,"Anies Baswedan: RT @hojinoke: ""Untuk menyalakan lilin yang tidak mengutuk kegelapan""; Mari Kita Nyalakan Lilin Dan Obor, Bukan Hanya Marah Pada Kegelapa",anies baswedan rt nyala lilin kutuk gelap mari nyala lilin obor marah kegelapa
