datetime,username,isi,hastags
2022-10-08 15:04:09,DsSupriyady,"@SiKebongce @TsamaraDKI Relatif tenang, emosinya terjaga,tidak pernah marah,apalagi sampe melaporkan rakyat,dan ulama ,tidak pernah, gubernur yg sopan dan santun ,beda dg jokowi !
Gubernur DKI Anies Baswedan jelas Pendidikannya , silsilah keluarganya ini juga kebalikan dr jokowi, yg serba gak jelas.",
2022-10-08 14:58:55,DsSupriyady,"@SiKebongce @TsamaraDKI Setelah pilkada usai dan gubernur DKI Anies Baswedan menjabat,tidak ada Politik identitas,bahkan aku belum pernah sekalipun melihat Beliau marah saat menjabat,tidak seperti gubernur sebelumnya yg kerjaannya marah - marah dan mengeluarkan perkataan kotor , gubernur Anies ini...",
2022-10-07 22:28:41,Syinyo,"@OposisiCerdas Dia lagi menjalankan proyek menjatuhkan Anies Baswedan,  ya sudah jadi tanggung jawabnya, bikin kisruh, bikin marah , membolak-balikan pikirkan waras menjadi gila, mendungukan diri sendiri dan orang lain itulah tugasnya",
2022-10-05 01:15:09,OposisiCerdas,"Debat Denny Siregar Dan Niluh Djelantik Usui Surya Paloh Dukung Anies Baswedan Capres 2024, Marah?
https://t.co/skwmqyd0ac",
2022-10-04 12:12:28,FrediHadikusuma,"@Chusnulch__ @anjarpranowo makin seru nih liat para cebong Beriak kolamnya..macam cenul.Panik, Seedih, WAS2, MARAH, DAN MEREKA TRS2AN MENGELU2KAN GANJAR YG BELUM JELAS DIUSUNG SIAPA .. ü§™
Ehh malah anies baswedan yg udah duluan dipinang nasdem..sakitnya tuh nyelekitttt pake bingitttt ... hahahaha",
2022-10-04 09:35:00,democrazymedia,"DEBAT Denny Siregar dan Niluh Djelantik Usai Surya Paloh Dukung Anies Baswedan Capres 2024, Marah?
https://t.co/nJ4063LBZT",
2022-09-24 16:38:23,Karinbahary2,"Gua Betawi
Mereka Betawi
Dan Kita Anies Baswedan
Jangan Senggol Betawi Ya Ntar Bang Pitung Marah üòÅü§≠ https://t.co/x0f8jqtoqe",
2022-09-22 00:44:41,andifathdar,"Tabloid politik anies baswedan masjid masjid bukan pelanggaran Pemilu 2024, karena belum ada penetapan kpu tentang paslon capres cawapres.ITU NAMANYA PRA-KAMPANYE, Dan Bukan Pelanggaran.
Boleh Iri Tabi Jangan Marah Karena Ntar Kamu Stroke, Bahaya Itu.",
2022-09-16 22:06:34,didickputra73,"@Geloraco InsyaAllah anies baswedan Calon Terkuat Presiden Dan Semoga Presiden Presiden Ri, Karena Suda Terbukti Bisa Memilih Jakarta Yangin Semakin Bagus Dan Maju.Beda Gargar Ganjar Pranowo Selama Memimpin Jateng Tidak Ada Prestasinya.Yang Ada Hanya Pencitraan.Jangan Marah Ya Bong üòÄ",
2022-09-07 13:27:11,TbnHotlas,"@bambangmulyono2 Rakyat yang mana yang kalian bilang marah, apa keberhasilan dari pak Anies Baswedan selama memimpin DKI Jakarta selain memindahkan nama jalan dan formula E yang tidak menguntungkan rakyat DKI Jakarta. Soal Ahok sudah clear itu bro karena KPK tidak ada menemukan bukti korupsi.",
2022-07-09 22:30:43,TauhidYusron,"Teman sma kagum, anies baswedan tak pernah marah Dan bicara kotor https://t.co/jmhz1i9thi",
2022-07-05 13:39:47,Relawananies,"Teman Sma Kagum, anies Baswedan Tak Pernah Marah Dan Bicara Kotor

https://t.co/eq3q62y8vi",
2022-07-05 00:28:32,kba_news,"Teman Sma Kagum, anies Baswedan Tak Pernah Marah Dan Bicara Kotor https://t.co/t3e8nojowg",
2022-07-02 10:37:24,KopiIte68213328,"Anies Itu Bekerja Delan Konsep Yg Matang.
Bukan Suka Nonton Bokep YG Bikin Otak Tegang.
Anies Itu PENDABAR PERLU KITA DICONTOH DAN TU SUKA MARAH MARAH.
Bukan Suka Menebar Foto Diatm Dan Bandara.
Anies baswedan adalah yang terbaik
Salam Akla Sehat.https://t.co/khlvkvxmo8",
2022-07-01 00:46:01,wellymerukh,"Antara Marah Dan Ketawa
Marah Karna Politer Sara Meningkat Dilakukan Kaum2 Penjilat anies Baswedan Bapak Politik Identitas
Ketawa Karna Level Gubernur Kerjanya Cuma Bisa Bikin Gerbang Jalan https://t.co/yqas6z2uwp",
2022-06-14 08:45:40,AhmadNa80678561,"DULU AHOK MAU JADI PRESIDEN SEMUA ORANG KOK DIAM DAN TIDAK ADA ALASAN APA-APA... SEKARANG BILA ANIES BASWEDAN MAU NYALON PRESIDEN BERMACAM TENTANGAN DAN FITNAH MEREKA BIKIN katanya """" Presiden harus orang Jawa kalau tidak nanti NYAI ROROKIDUL akan marah""""""..",
2022-06-07 00:11:15,Gandawan,"Anies Baswedan tampil keren dengan baju, celana dan sepatu biru.
Anies Baswedan sukses menghantar Indonesia dan Jakarta menjadi panggung balapan FORMULA-E.
Sementara para BuzzeRP, Nyinyier dan Dalangnya, tampil dengan hati merah marah kedungu-dunguan atas prestasi-prestasi Anies. https://t.co/ILKp5gNczB",
2022-05-27 00:52:03,MocangTian,"@Mdy_asmara1701 anies PENYELAMAT Perubahan Indonesia Ke Depan.
Hanya anies Baswedan Yang Berani Tutup Proyek Reklamasi Pantai Teluk Jakarta .Dan Membuata Penguaha Agung Podomoro Marah Besar Kepada Sdra Ahok .Karena Ahok Berani Anggota Telon Jamin Dan Kemannan Membangun Pulau Dia Diani Telon Jamin Dan Kemanan Membangun Pulau Dia DI Telau Di Telau.",
2022-05-12 08:33:16,Gandawan,"PDIP TERSINGUNG DAN MELAPORKAN SEKDA KABUPATEN DAIRI, SUMUT, BUDIANTA PINEM KE POLISI USAI MERYEBUT PUAN MAHARANI MENGIDAP PENITIKIT WASIR ATAU AMBEIEN LEWAT Facebook.
Harusnya PDIP RUGA TERSINGUNG DAN MARAH KEPADA KADER PDIP RUHUT SITompul Yang Menghina Anies Baswedan.",
2022-05-12 08:33:03,Gandawan,"@DETIKCOM PDIP TERSINGUNG DAN MELAPORKAN SEKDA KABUPATEN DAIRI, SUMUT, BUDIANTA PINEM KE POLISI USAI MENYEBUT PUAN MAHARANI MEMIDAP PENIKIT WASIR ATAU AMBEIEN LEWAT Facebook.
Harusnya PDIP RUGA TERSINGUNG DAN MARAH KEPADA KADER PDIP RUHUT SITompul Yang Menghina Anies Baswedan.",
2022-05-08 01:47:17,Jaka212141,Marah Karena Minta Sumbangan Ke Anies Baswedan Dan Di Tolak,
2022-05-04 07:05:46,haris_zr,"@anton_wka @Helmi_Felis Warga ngg sopan tunjuk"" ke pak Anies Baswedan, walaupun ada rasa marah dan kecewa tetap kita harus saling menghargai dan menghormati, alhamdulillah beliau tetap dlm kebaikan dan kesabaran",
2022-04-29 06:51:36,mncrgknskl,"pak anies mustahil tidak tahu beberapa orang di sekitarnya memakai kaos bergambar dirinya dan bertuliskan 'anies baswedan presiden' ketika melakukan pembagian--jika benar--hand sanitizer di acara resmi pemprov dki; tapi jangankan marah, menegur pun tidak.",
2022-04-28 16:48:00,cR17imo,"@mureza522 @LRahmadsyahJ2P @kurawa @ismailfahmi Ini seperti kasus PKI, berawal pelecehan terhadap agama membuat masyarakat geram hingga berlebih-lebihan / keluar dari ajaran agamanya.. dan ini dijadikan senjata (playing victim) .. masyarakat yang marah yang diserang Anies Baswedan",
2022-04-27 04:57:28,ayulest98766599,@jokowi @TsamaraDKI GOODBENER ANIES BASWEDAN emang keren ya pak .. wibawa .  amanah. ..tepatin janji dan shaleh ...walau di hujat ..di caci maki. di fitnah tiap menit oleh pendukung pak jokowi tetapi pak Anies tetap santuy ..gk pernah marah dan gk pernah mempermasalahkannya .,
2022-04-20 05:02:31,Reiza_Patters,"Lalu berlanjut Cebong vs Kampret. Ini biasa awalnya, lalu penggunaan istilah kampret perlahan menghilang dan digantikan dgn istilah Kadrun. Kadal Gurun. Disematkan kepada pendukung Anies Baswedan, oleh orang2 yg sama yg bahkan marah jika ada penyebutan Cina utk org keturunan Cina",
2022-04-12 02:08:43,HendrawanSTB,"Pendukung anies baswedan adalah yg marah saat ratna sarumpaet digebukin ( ternyata ditipu ratna ) Dan Bahagia saat Ade Armando digebukin nyata2 oleh mereka. 

Sampai sini kita paham Siapa yg mendukung Anies.",
2022-04-07 10:05:04,panca66,Survei Hasil SMRC 3 Capres Pasangan - Cawapres Pasangan Anies Baswedan - Ahy Selalu Unggul Lawan Prabowo - Puan Dan Airlangga - Ganjar Atau Ganjar - Airlangga.Mas @chusnulch__ dkk pasti tambah marah sama anies - ahy nih ü§™ü§™ü§™ https://t.co/f4ynxkwrgg,
2022-04-03 15:30:54,bacautas,"Haloo @AntonTenabang02 üòÉüëã Selamat membaca!
""~Thread.
Pilpres 2024, Titik Balik Indonesia Bersama Anies Baswedan

Oleh Asyari Usman

Lelah dan jenuh. Bercampur marah juga. Rata-rata rakyat merasa seperti itu. Jengkel sekali me..."" https://t.co/3qUjw7nOmK",
2022-03-21 08:05:31,Mbahhardiman,"@democrazymedia kalem cerdas tenjak pendendam tenjak makha marah meleDak, selalu Mendahulukan Hati Dan Nalar Penyabar Semua Di Lindungi Di Ayomi, Model Pemimpin Pak Anies Baswedan Sangat Di Butuhkan di Negaraa Indonia",
2022-03-17 00:56:10,Mbahhardiman,@siregar_elang anies baswedan bukan tipe pemimpin ngamukan lebay dan mudah marah,
2022-01-31 12:11:20,urip_harjito,"@Bramaneks @geiszchalifah ga sada, Buktinya Rocky Gerung Dan Anies Baswedan Sok Pinter Terbukti Pintar, Kalo Juki Sok Pintar Apalagi Berlagak Jadi Tuhan, Banjir Lebih Mudah Diatasi Jika Jadi Presiden.
Juki Yg Buat ATURAN, DIA Sendiri YG MARAH DGN ATURAN, MULUTYA JUKI EMANG DUBUR.",
2022-01-30 09:05:54,DTar169,"@Democrazymedia ga usah marah, Bahasa Politik emang gitu suka memutarbalikkan fakta, menangkan saja anies baswedan 2024 Nanti Dan Tumbangkan Pdip Selesai Perkara",
2022-01-17 01:56:13,ndoroAtmo,"Terjagab Besaran Tunjangan Anies Baswedan Dan Wagub Dki, Angkanya Fantastis, Ketua DPRD DKI Kesal
https://t.co/68yor5ixev

0,15% DR APBD DKI Jakarta,
0,15% x RP.70 t = Rp.105 m
105: 12 = RP.8.75 Milyar per Bulan?

Emang DPRD DKI BEHEH MARAH DAN NGGAK SETUJU?Emang Rakyat?",
2022-01-12 13:05:23,onomsalam2pas,"Hasto Sebut Tri Risma Dan Gibran Layak Gantikan Anies Baswedan, Pengamat Keduanya Tak ada Prestasi Menonjol Selain Marah-marah https://t.co/B7RIW7lfaT @PojokSatu
Covid-19
Rabu 12 Januari 2022
Ada 4.268.097
144.150 Meninggal
Kaesang
Kale
Ganja
Singapura
#PuasNdasmu
#PuasNdasmu","['PuasNdasmu', 'PuasNdasmu']"
2021-12-27 06:02:58,wisatakhalifa,Gw mah bahagia liat status2 dan komen2 Ahokers Taikers yg saban menit marah dan menggerutu ama Anies Baswedan... Terlihat jelas derita jiwa yg teramat dalam yg mereka tunjukkan üòÑ https://t.co/s24UsOVhcK,
2021-12-11 12:57:30,kuatbastanta,"Memang goblok kok. 
Biarin aja dia marah sampe stroke, bg ferdinand. 
Sejarah akan mencatat. 
Anies baswedan dan sebegitu banyak tgupp, menghancurkan jakarta hanya dalam tempo 5 tahun.",
2021-11-30 04:38:07,pelitakininews,"BASUKI TJAHAJA Purnama Buncam Gubernur Anies Baswedan, Ahok Disebut Marah Dan Muak?Begini faktanya

https://t.co/drgsvpku3i",
2021-11-29 06:51:03,TangselTerbaru,"Basuki Tjahaja Purnama Bungkam Gubernur Anies Baswedan, Ahok Disebut Marah dan Muak? Begini Faktanya https://t.co/CVVOBsmrfA",
2021-11-03 09:56:27,Byzanti32901422,"@Aagym Benar A Kebanyakan Pembenci Jokowi Begitu ""Emosional"" Muda Tersulut, Muda Jengkel Muda Marah, Susah Reda Kebencian Nya ..., Dan Di Jakarta Pendukung Anies Pun Begitu ...

Padahal jelas anies gk kerja hanya kata dan kata ..",
2021-10-13 22:50:00,hartiwik71,@msaid_didu jd walkot dgn menteri kok perangai sama shj tho jol jol ... marah yg didahulukan ... sbg umat islam marah shat syaitan jol kajol ... COBA Contohi Pak Gubernur anies Baswedan .. terima dan DengaraH RaKaRah RaKyah RaKyah Marena Baswedan .. terima Masilarah Masilah RaKArAH RAKALAH RAKATAH ANIES BASWEDAN .. TERIMA MADIRAH RAKIRAH RAKALAH RAKATAH RAKATAH ANIES BASWEDAN .. TERIMA MADANAH MASALAH RAKIRAH RAKIRAH MADALAH RAKATAH ....,
2021-10-13 22:10:55,asma_hanik,"@msaid_didu Seorang menteri yg busanya hanya marah""... tdk menunjukkan wibawanya. Mending berhenti aja. Yg seperti ini yg dipersiapkan utk menggantikan ANIES B .. Mohon maaf aja... Beda jauh dan bkn kelas nya ANIES BASWEDAN. sy kira  .. Stlh jbtnnya ini gk bakal lanjut jd apa"" lg. üòã",
2021-10-08 22:16:04,MoonHandayani,@Tijabar Coba Simak Pak Anies Baswedan Bagaimana Kepemimpinan Beliau Dan Tuturkata Serta Cara Menyikapi Satu Masalah.BAGAIAMANA PULA MARAH MARAH NYA BELIAU PADA PELANGGAR PPKM Waktu ITU.Kenapa Tidak Dijadikan Contoh,
2021-10-08 08:04:39,Thalomoan1,"Marah ""Dan Memalukan Kata Mu Tapi Marah Nya Buat Pejabat Yg Kerja Nya Amburadul, Biarlah Marah"" Yg Pasti Masyarakat MISKIN SELALU MIJADI Prioritas Nya Dia Dia Bukan Anies Baswedan Si Raja Cuap !!",
2021-07-20 15:56:27,ShenoWirang,"Kenapa anies Baswedan Tidak Marah, dia anggap ini sektor esensial.Dia Kan Selalu Dibulak-Balik Dan Dilebih-Lebihkan Cara Kerjanya.

Pukimak ... !!!https://t.co/93tzujdxcl",
2021-07-10 00:35:24,BayuKoosyadi,"@Vivacoid Penulisnya Goblok, Itu Tegas Bukan Marah - Marah, Tenjak Ada Kata Cacian Dan Umpatan Dari Anies Baswedan.",
2021-07-09 02:02:23,BangMorinaga,"Makanya nggak heran selama ini, dia kampanye lewat peti mati. Anies Baswedan kalau marah, bukannya menakutkan, tapi kelihatan lucu dan kocak.",
2021-07-07 04:01:28,koranjakarta_id,"Anies Baswedan sidak dan marah-marah di PT Equity Life yang ternyata adalah perusahaan asuransi jiwa dan kesehatan, jadi termasuk sektor usaha esensial dan menurut peraturan diperbolehkan beroperasi. https://t.co/YDDgDj4vKE",
2021-07-06 15:50:06,yulfentri_munaf,"Tak terbayang, jika yang ada diposisi itu bukan @aniesbaswedan, tapi sidonatur telur. Mungkin dia bisa melotot, monyong dan marah sambil pecahin ribuan butir telur sampai PPKM berakhir. üòÇüëá

Meledak Amarah Anies Baswedan saat Sidak ke Perkantoran https://t.co/c95zrkrgws",
2021-07-06 10:46:29,urbanasiacom,"Melihat masih ada pegawai di kantor nonsensial Yang masuk di masa ppkm darurat ini, gubernur dki jakarta anies baswedan marah Dan emanggil Orang yang janggung jawab di perausahaan tersebut.
https://t.co/dwnpeiak0h",
2021-07-06 07:16:34,tribunnews,"Anies Baswedan Marah-Marah

Saat Sidak, ia Mendapati Kantor Masih Buka.""Sekarang Tutup Kantor Ya, Dan Katakan Pada Semua Pulu Taati Aturan. Mengerti?,"" Kata Anies Yanggupi Hrd Ray White Indonesia.

https://t.co/vbpqajwqnf via @tribunnews",
2021-06-28 05:23:32,DahonoB,Memang anies baswedan Berbeda Dari Yang Lainnya ... Solusinya Aneh ... Peti Mayat ... Dan Sekarang Selfi Kuburan ... BAGI MEREKA PHANG ANGGOTA KELUARGANYA AdaKewalanan terima pasien covid19.,
2021-06-13 08:22:57,prima_alqassam,"Seingat Saha, Di Antara Kesaman Bapak2 BerIKUT: Anies Baswedan, Irwan Prayno, Mahyeldi Ansharullah, Adalah Tenjak Pernah Tertangkap Kamia Marah-Marah Ke Bawahannya.Padahal Pasti Ada Yang Mencahak.Dan SBG Mantan Pemarah, Saya Pribadi Salut Akan Hal Ini.",
2021-05-26 08:03:36,Gandawan,"Hampir tiap hari membuli Anies Baswedan dengan info dan nalar ngawur.
Giliran sempaknya dibuli, dia marah, dia lapor polisi.
Dasar anak kecil.
Sanah beli cendol dulu... üòÇüòÇüòÇ https://t.co/7LgcyNSoYM",
2021-05-12 17:24:48,Pemuda_Depok,Anies Baswedan Marah dan Jemur Ratusan ASN Pemprov DKI¬†Jakarta https://t.co/WxeT4dX8hD,
2021-05-11 07:51:01,Deslini2,"@JebulMania291 @aniesbaswedan Anies baswedan itukan manusia bermartabat,dan berkelas.. terdidik attitudenya,indah akhlaknya.
Akan sangat sulit melihat beliau marah apalg kpd rakyatnya..bahkan kpd siapapun...",
2021-04-27 05:06:40,Anaksemut4,"@Pitung05907627 @marlina_idha @megapolitanpos kantor swasta yg punya anies baswedan buta yaa ...

Nanti Kalau Ada Psbb Lagi Yg Punya Kantor Dan Pemerintah Pusat Marah Sama Anies Lagi ....",
2021-04-17 02:47:41,Leonita_Lestari,"Psi, Pan, Golkar Dan Nasdem Mengzil Sikap untuk menolak pertanggungjawaban Yang disampaikan gubernur anies baswedan namun",
2021-04-10 04:28:39,ArSunantoaris,Ada sebungkus ketan yg disediakan padaku kubuka dan ku bercerita tentang Anies Baswedan dengan segala kehebatan dp 0% nya. Ketan menghitam dia marah :(( https://t.co/UmeQcIPlcz,
2021-03-07 03:11:53,Oposisi_Kecil,"@Dias_0612 @D1as_0812 @freedomland4141 @DosaAman @1966Arjuna @Enggang_Marah @DolfieOtay @nurdin_kapo @AzrielFirdaus3 @kang_bacot @Hiroman21 @Muktian3 @perangutan_ @bimbie141 @SiTampanAlfino1 @Lord_Sakto @54rwo_00 @Raj4wal10978_xl @___k1n9f4t1Ra7a @gobeth03 @Syam42933824 @MbahuRekso1796 @myputun @dhea_melienda @dragonb21395797 @StalistS @pujisopy1 @Democrazy211 @Liebe29688934 @chakraWijaya3 @LabuLainWaluh @irza_liberti @MEffendi03 @RachmatBawono @LurahTanpoWargo @DearReAkSe @Ulllufah_fan @karyawantree @Rum4y @r4wn4__o2o2 @jaluciparay @MJtuhMasJoko @2Lingkorizal üõëüõëüõë_Oposisi_Kecil_üõëüõëüõë

4. Menko PMK: Muhadjir Effendy

Menteri Pendidikan dan Kebudayaan Republik Indonesia pada Kabinet Kerja yang menjabat sejak 27 Juli 2016 menggantikan Anies Baswedan

#IndonesiaTerancamBangkrut
#IndonesiaTerancamBangkrut","['IndonesiaTerancamBangkrut', 'IndonesiaTerancamBangkrut']"
2021-03-07 03:04:30,Panglima_Minal,"@DIAS_0612 @d1as_0812 @freedekland4141 @dosaaman @1966arjuna @enggang_marah @dolfieotay @nurdin_kapo @azrielfirdaus3 @kang_bacot @hiroman21 @mikantian3 @perordeFo_bacot @hiroman21 @mikantian3 @perordan.bacot @biranfio. biroman21 @mikantan3 00 @raj4wal10978_xl @___ k1n9f4t1ra7a @gobeth03 @syam42933824 @mbahurekso1796 @myputun @dhea_melienda @dragonb2139577STALISS @pujisopy1 @Democrazy211 @liebe29688934 @chakrawijaya3 @labulainwaluh @irza_liberti @meffendi03 @rachmatbawono @lurahtanpowgo @dearreaksse @ulllufaH_fan1111 414 @pejuangReceeeh @mujahidpembela @kucinghitamku20 @mahmud3tuan @mawar_merah66 @acepwaluyo @antosan1201 @peri_angsaputih @haziqmzyan @dutawanüåüüåüüåüpanglima_minalüåüüåüüåü

4. Menko PMK: Muhadjir Effendy

Menteri Pendidikan Dan Kebudayaan Republik Indonesia Pada Kabinet Kerja Yang Majabat Sejak 27 Juli 2016 Menggantikan Anies Baswedan

#Indonesiaterancambangkrut
#Indonesiaterancambangkrut","['IndonesiaTerancamBangkrut', 'IndonesiaTerancamBangkrut']"
2021-03-07 03:02:28,Panglima_Minal,"@D1as_0812 @DIAS_0612 @Freedomland4141 @dosaaman @1966arjuna @Enggang_marah @dolfieotay @nurdin_kapo @azrielfirdaus3 @kang_bacot @hiroman21 @mikantian3 @perordan_bacot @hiroman21 @mikantan3 @kangbacot @biranfies @kangoak @kangsot @biroman 00 @raj4wal10978_xl @___ k1n9f4t1ra7a @gobeth03 @syam42933824 @mbahurekso1796 @myputun @dhea_melienda @dragonb2139577STALISS @pujisopy1 @Democrazy211 @liebe29688934 @chakrawijaya3 @labulainwaluh @irza_liberti @meffendi03 @rachmatbawono @lurahtanpowargo @dearreaksse @ullufah_fanji111111 1177902 @ARY12_10 @SUEB_SOLEH @iwan02007 @kumis20191 @Kandar__fauzi @amburadul33 @dancerseJati1 @zahrillabung @dayatpondoküåüüåüüåüpanglima_minalüåüüåüüåü

4. Menko PMK: Muhadjir Effendy

Menteri Pendidikan Dan Kebudayaan Republik Indonesia Pada Kabinet Kerja Yang Majabat Sejak 27 Juli 2016 Menggantikan Anies Baswedan

#Indonesiaterancambangkrut
#Indonesiaterancambangkrut","['IndonesiaTerancamBangkrut', 'IndonesiaTerancamBangkrut']"
2021-03-07 02:53:47,Tarida_Indah,"@D1as_0812 @Dias_0612 @freedomland4141 @DosaAman @1966Arjuna @Enggang_Marah @DolfieOtay @nurdin_kapo @AzrielFirdaus3 @kang_bacot @Hiroman21 @Muktian3 @perangutan_ @bimbie141 @SiTampanAlfino1 @Lord_Sakto @54rwo_00 @Raj4wal10978_xl @___k1n9f4t1Ra7a @gobeth03 @Syam42933824 @MbahuRekso1796 @myputun @dhea_melienda @dragonb21395797 @StalistS @pujisopy1 @Democrazy211 @Liebe29688934 @chakraWijaya3 @LabuLainWaluh @irza_liberti @MEffendi03 @RachmatBawono @LurahTanpoWargo @DearReAkSe @Ulllufah_fan @duta_kurniawan @KholwatNisa @idayu_wien @rekhmankhl @petirman15 @zidanedjuniorr @gentanggentong2 @Mustofanurd @deva_khrisna @bhakti_yudi @MuflyAhmad @Saadri4 ‚ô®Ô∏è‚ô®Ô∏è‚ô®Ô∏è_Tarida_Indah_‚ô®Ô∏è‚ô®Ô∏è‚ô®Ô∏è

4. Menko PMK: Muhadjir Effendy

Menteri Pendidikan dan Kebudayaan Republik Indonesia pada Kabinet Kerja yang menjabat sejak 27 Juli 2016 menggantikan Anies Baswedan

#IndonesiaTerancamBangkrut
#IndonesiaTerancamBangkrut","['IndonesiaTerancamBangkrut', 'IndonesiaTerancamBangkrut']"
2021-02-23 07:29:29,kamikazeeeh,"Menteri Pekerjaan Umum Dan Perumatan Rakyat Basuki Hadimuljono Sempat Marah-Marah Karena Sulit Bekerja Sama Gukan Gubernur Dki Jakarta Anies Baswedan UNTUK MIangani Banjir Jakarta.

Kebayang Kanapa Banjir Muncul Terus Tiap Harinya?",
2021-02-21 19:20:56,bayu_ichszan,"Soal Banjir Jakarta, Sekjen Pdip Hasto Kristiyanto Sebut Ahok Dan Menteri Pupr Marah-Marah Ke Anies Baswedan |Portal Islam https://t.co/poq0utskda",
2021-02-21 10:11:19,Kusanto8,"Emang Ahok apa?
Bukanya Ada YG BILANG ""Mengatasi Banjir Jakarta Lebih Muda Jika Jadi Presiden?""

Soal Banjir Jakarta, Sekjen Pdip Hasto Kristiyanto Sebut Ahok Dan Menteri Pupr Marah-Marah Ke Anies Baswedan https://t.co/ekd5nmbyea",
2021-02-21 09:21:03,korangala,"Soal Banjir Jakarta, Sekjen Pdip Hasto Kristiyanto Sebut Ahok Dan Menteri Papr Marah-Marah Ke Anies Baswedan https://t.co/DK1VGTQ5R9 https://t.co/dnlcxxd8hd9",
2021-02-21 06:38:04,mncrgknskl,Sekjen PDIP Hasto Kristiyanto mengungkap Menteri Pekerjaan Umum dan Perumahan Rakyat Basuki Hadimuljono sempat marah-marah karena sulit bekerja sama dengan Gubernur DKI Jakarta Anies Baswedan untuk menangani banjir Jakarta.,
2021-02-04 02:43:40,berita_diy,"Marah!Susi Pudjiastuti Tidak Terima Difitnah Jadi Cawapres anies Baswedan Dan Disingkat Asu.
#Susi #susipudjiastuti #aniesbaswedan #ANIES

https://t.co/ktr3vguftv","['Susi', 'SusiPudjiastuti', 'AniesBaswedan', 'Anies']"
2021-01-26 06:32:01,merdekadotcom,"HABIBUROKHMAN MARAH DENGAN KADER GERINDRA YANG MISTA ANIES MUNGUR: diam KAU!: Kabid Humas Lembaga Advokasi Dan Hukum Gerindra Ali Lubis Kembali Bikin Jengkel Rekan Septainya.Pemicunya, Ali Meminta Gubernur DKI Jakarta Anies Baswedan Mundur.https://t.co/jxf0uvlwon",
2021-01-24 03:04:27,ZakariaHalim17,"Tidak Udah Marah Marah Sama Anies Baswedan ..!
 Anies baswedan dipilih iheh orak jakarta dan tuhan ..üëçüëçüëçüëçhttps: //t.co/zzk9igfdhr",
2021-01-10 00:22:10,Shona39094647,"@republikaonline Menurut saya, Anies Baswedan adalah tokoh yang SANGAT cerdas, tegas, lembut, santun dan merakyat. Saya belum pernah liat beliau kasih liat muka MARAH, baik ke staff-nya aplgi ke masyarakat kota Jakarta.

Jakarta cocok dibawah kendali orang bertangan dingin bukan berwajah dingin. https://t.co/1UnQSRcYrE",
2020-12-14 04:56:06,NanaAdelia5,"tapi masyarakat akal sehat jadi muak alang kepalang dan marah. Terhadap itu semua, apakah Pak JK yang dulu mengusung Anies Baswedan (seperti pengakuannya sendiri) bisa dan berkenan untuk mengevaluasinya.",
2020-12-14 04:56:05,ErlyKhumalasari,"TAPI MASYARAKAT AKAL Sehat Jadi Muak Alang Kepalang Dan Marah.Terhadap Itu Semua, Apakah Pak JK Yang Dulu Mengusung Anies Baswedan (Seperti Pengakuananya Sendiri) Bisa Dan Berkenan untuk MengevalUasinya.",
2020-12-14 04:56:03,mbok_minahh,"tapi masyarakat akal sehat jadi muak alang kepalang dan marah. Terhadap itu semua, apakah Pak JK yang dulu mengusung Anies Baswedan (seperti pengakuannya sendiri) bisa dan berkenan untuk mengevaluasinya.",
2020-11-29 05:13:10,_812ez4_P4hl3v1,"Baru, Tadi Malam ...‚Äº Ô∏è
Jakarta di Bawah Anies Baswedan Panen Penghargaan.Penghargaan Bhumandala Dari Badan Informasi Geospasial (Besar).
Sampai Mumet Sirahku Bikin Kepsyen.Apa gosah diposting aja yaa.Takut Ada Yg Marah Dan Ndleming üòÅüòÅ https://t.co/2fkmu5r1q8",
2020-11-16 15:48:22,Hmmurahmurahhm2,"Lah Kalau Tak Diurus Kelompok
Mak Banteng' MARAH' !!!üî®

SWARAKYAT NEWS: Terlalu Sibuk Urus HRS dan Anies Baswedan, Jokowi ... https://t.co/U7XujGNPiP",
2020-10-14 12:17:35,kebijakananies_,"Sekjen PDIP diberitakan heran, ada Kepala Daerah yang tenang2 saja melihat Fasum dirusak.

Anies Baswedan. Tetap tenang, tanpa marah-marah, dan lebih pilih kasih solusi. Tak hanya sampah pasca demo yang dibersihkan dalam hitungan jam. Infrastruktur rusak juga cepat diperbaiki. https://t.co/xbn18xnzyU",
2020-09-13 17:26:49,skybeforeyou,"‚Ä¢Bintang dan Malam‚Ä¢

Senja memang kenyataannya terlihat sangat cantik. Hadirnya tenang memancing sang malam untuk menyampaikan rindu lewat bintang2. Tp tenang sj, kalau jadwalnya sudah rindu pasti aku akan datang. Jangan bosan2 dirumah, nanti pak Anies Baswedan marah.

#seulhun https://t.co/MrpXtZlpCa",['seulhun']
2020-09-13 04:18:52,Mas_zobirin,"@syahgada @tribunnews pertanda cukong marah, buzzerp dan kakak pembina gagal menumbangkan goodbener indonesia anies baswedan",
2020-09-11 23:10:17,beritaislamorg,Kebijakan Anies Baswedan Bikin Istana Naik Pitam Dan Buzzernya Marah Besar https://t.co/ogsr1kwxoa,
2020-09-11 15:35:55,reformasimental,Benny K Harman: Kebijakan Anies Baswedan Bikin Istana Naik Pitam Dan Buzzernya Marah Besar https://t.co/a6u3ngkb9z,
2020-09-11 15:26:12,swarakyatcom,"Kebijakan Anies Baswedan Bikin Istana Naik Pitam Dan Buzzernya Marah Besar
https://t.co/i6ug9zverh",
2020-09-11 10:24:33,ZakariaHalim17,Anies adalah pilihan Tuhan ..Benny K Harman: Kebijakan Anies Baswedan Bikin Istana Naik Pitam dan Buzzernya Marah Besar https://t.co/5DujbJBXtr,
2020-09-11 03:30:15,ZakariaHalim17,Anies Adalah Pilihan Tuhan .. Benny K Harman: Kebijakan Anies Baswedan Bikin Istana Naik Pitam Dan Buzzernya Marah Besar https://t.co/5duJbjkmbt,
2020-09-11 02:00:44,RepelitaO,Benny K Harman: Kebijakan Anies Baswedan Bikin Istana Naik Pitam Dan Buzzernya Marah Besar https://t.co/otb4yb1sc7 lewat @repelita,
2020-09-11 01:45:03,fajaronline,Benny K Harman: Kebijakan Anies Baswedan Bikin Istana Naik Pitam dan Buzzernya Marah Besar https://t.co/zeCdJjznv5,
2020-09-11 01:43:07,kabarpol,Benny K Harman: Kebijakan Anies Baswedan Bikin Istana Naik Pitam dan Buzzernya Marah¬†Besar https://t.co/qzPS212H0f,
2020-09-11 01:43:04,kabarpolitik,Benny K Harman: Kebijakan Anies Baswedan Bikin Istana Naik Pitam Dan Buzzernya Marah Besar https://t.co/bo1s3lrvrw,
2020-09-04 06:08:14,eradotid,"Gubernur DKI Jakarta anies Baswedan, Marah Dan Menutup Serta Mendenda Manajemen Kafe Terbalik Coffee Di Jalan Haji Nawi, Jakarta Selatan.https://t.co/h1ulzzrb11",
2020-08-27 13:40:48,iman100017,"@GeiszChalifah Amboy, gak perlu marah-marah netizen yang mbully Pertamina om @Dennysiregar7, colok aja Anies Baswedan dan aparaturnya.",
2020-08-22 12:07:13,Relawananies,"PAYA SAAT Situasi Apapun, anies Selalu Mengumbar Senyum Dan Terlihat Bahagia, Dan Ketika Ada Masalah Beliau Selalu Menghadapinya Gangan Tenang.

Tapi Bukan Berarti Anies Baswedan Tidak Bisa Marah, Hanya Saja Tidak Biasa Marah-Marah Apalagi Memarahi Orang Di Depan Orang Ramai.https://t.co/7c8y7efuny",
2020-08-17 02:18:41,BennyAzwar7,"Toperendusara1 @kebijakananies @sahabatanies_ @marlina_idha itulah pak anies Baswedan, Hatinya Bersan, tangruana, oMaknya, Otaknya, Otaknya, Otaknya, Otaknya, Otaknya, Otaknya Cerda, Otaknya, Otaknya, Otaknya Cerda, Otaknya, Otaknya Cerda, Otaknya, Otaknya Cerda, Otaknya, Otaknya, Otaknya, Otaknya, Otaknya Cerda, Otaknya, Otaknya, Ah Hati.NGGAK MARAH DI-BULLY.Semoga Allah SWT Senantiasa Melindungi Dan Meridhoi Perjuangan Beliau, Aamiin.",
2020-07-24 12:15:27,Joglosemarnews,"Marah Dan Geram, Anies Baswedan: Hai Kau Pendecut, Lihatkan Wajah Bayi 3 Bulan, Kini Dia Yatim!https://t.co/kuxglqqycj",
2020-07-20 07:03:03,LaeHoras_,"SAAT ANIES BASWEDAN MENGUKU ORANG JAWA, WAIL KHUSUS ORANG YOGOGOARASTA, BANYAK SEKALI ORANG MARAH, NYINYIR, DAN MENGEJEK.Saya Justru Tertawa Terbahak, Sekaligus Meneteskan Air Mata.Justru Terharu Oheh Kebodohan Dan Kesombonganya.",
2020-06-29 11:35:29,HukumDan,"Anies Baswedan selama jadi Gubernur DKI tidak pernah terlihat marah.. Menghadapi persoalan dan penyelesaian masalah dengan Sabar dan semua bisa terselesaikan. 
Marah bukan menyelesaian masalah justru bikin 
Ruwet Ruwet Ruwet 
#AniesMemangKeren",['AniesMemangKeren']
2020-05-09 06:15:10,raj_dima,Menko PMK Muhadjir Effendy mengaku sempat bersitegang dan marah besar dengan Gubernur DKI Jakarta Anies Baswedan. Penyebabnya adalah ketidaksinkronan data mengenai penyaluran bantuan sosial (bansos) untuk masyarakat yang terdampak pandemi virus Corona (COVID-19) di Jakarta.,
2020-04-29 13:40:15,JoshuaIgho,"Saya, kalau udah lama nggak emosi dan pingin marah-marah, gampang caranya: buka Twitter. Baca ocehannya Anies Baswedan, Tengku Zulkarnaen, Hidayat Nurwahid, Fadli Zon, Said Didu, Rizal Ramli udah cukup buat mecahin gelas satu lusin.",
2020-04-20 01:51:30,mustain_masdar,"Gubernur anies baswedan sangiatlah beruntung, dosanya diambil para buzzer dan para pembenci beliau .... begitu legowonya beliau dibully dan dicaci maki, dia tidak pernah marah cuma disenyumin aja ...
Subhanallah, Semoga Allah SWT Melindungi Beliau ....",
2020-04-14 14:36:23,HukumDan,"Anies Baswedan Suda Jelas Berpihak Kepada Masyarakat Yang Berekonomi Lemah.Kaum Miskin Dan Rekan Miskin.
Kalau Ada Yang Dapat Bantuan Sembako Kemudian Marah Merasa Bantuan Masih Kurang.
Yakinlah Mereka Itu Jokower Ahoker Yang Gak Tau Diri
MISKUL DUNGU https://t.co/eggsncrs1x",
2020-04-08 01:36:52,DetaxId,[Hoax] Anies Baswedan Marah dan Jokowi Mengaku Dirinya Pembantu Tiongkok https://t.co/VSxbpFIs3Y via @DetaxId,
2020-03-27 15:23:02,FatihJufri,"@FerdinandHaean2 @mas_piyuuu @aniesbaswedan Yg di kritik yg memang benar dan jelas.. tapi loe nyerang @aniesbaswedan kadang gak pernah ada yg benar malah fitnah.. di situ lah perbedaan nya..

Anies baswedan waspada covid tapi kalian marah.. dia waspada covid demi rakyat nya di jakarta.. kenapa kalian marah..",
2020-03-27 08:04:09,yunankingstar1,Mau Torggu Anies Dan Jokowi Widodo Dan Maruf Amin Torgai Sampai Tahun Shio Monyet Jagi Kagak Muncul Tuh Ada Nya Masker Dicuri Oheh Orang Digeka Mereka Ini Nyata LoHa Lea Liali Liali Liali LiApan LiAdang. BIHMarah.https://t.co/l3upm9oldk,
2020-03-26 23:16:07,fgembil,"Dari Mulai Anies Baswedan Yang Lo Hardik Secara Pribadi Dari Mulai Menghina Dia, Lo Edit Muka Dia Soakan Dia Tenggelam Di Banjir.Bro Biarkan Dia Sebagai Orang Yang Bersangkutan Menyelesaan Pekerjaan Dulu.Dan pas dia bikin kebijakan nutup semua tempat wisata di jkt lo marah?",
2020-03-19 04:28:39,abu_syfa,"@HAIKALS_OS @4smara1701 @Aniesbaswedan Ada Penguasa Yang Pernah Dibawah Asuhan Dan Bimbingan Pak Anies Baswedan, Tapi Karena Gak Pinter¬≤ Jagi, Penguasa Culas Itu MARAH, LALU memecat gurunya sendiri ..",
2020-02-29 23:35:54,Sofyar_irfs,"BELA ANIES BASWEDAN DAN SINDIR PSI Yang Bully Gubernur, Narasumber Di Ilc ini Dipuji Karni Ilyas

Hanya Cebong Dan Togog, Yang Menjadikan Musibah Lahan Untukur Menencari Makan.

Para Taikpan Marah Reklamasi Mati Suri, Mengerahkan Buzzer Bayaran.https://t.co/bpagvnyndf",
2020-02-27 17:57:47,sofyar_irfs2,"Reklamasi Digagalkan Anies Baswedan, Para Cukong Marah Dan Mengrejakan Para Penghianat Bangsa Ini Yang Bisa Dibeli, UNTUK MENJEGAL DAN BULLY @ANIESBASWEDAN",
2020-02-26 07:17:29,RepelitaO,"Komisi v Sangan Marah Sama Anies Baswedan, Ridwan Kamil Dan Wahidin Halim Https://t.co/Mcg3Ji70py Lewat @Repelita",
2020-02-26 02:01:12,patriot016610,"atau di balas dengan cara apapun apalagi di laporkan dan itu tidak mungkin terjadi, marah saja Pak Anies Baswedan tidak pernah. 

Beliau Lebih baik bekerja dengan narasi gagasan ide untuk memberikan manfaat bagi masyarakat yg berkeadilan dan ada hal yang lebih penting untuk",
2020-02-25 15:11:14,SemutMerah007,"Muhammad Zazuli Menyebut Bahwa Ekpresi Korban Banjir Tersebut Karena Kecewa & amp;Marah Terhadap Gubernur Dki Saats ini anies Baswedan karena Tidak becus Dan Gagal Mengatasi Banjir Dki Yang Suda Berjilid-Jilid Menghantam Dki Jakarta.
#Ilcsalahkananies",['ILCSalahkanAnies']
2020-02-08 08:27:04,alam_pado,"Gus Dur Dihina Dan Dicaci Santai Saja
H.AGUS SALIM DIHINA DICACI BIASA SAJA.
Sby Dihina Dan Dicaci Ngga Marah.
Anies Baswedan Dihina Dan Dicaci Cuek Saja.
Karena apa..mereka tak mau guy energi yg tak tak",
2020-01-19 01:22:24,eedo_realman,"@4smara1701 emang nya junjungan ente anies baswedan kagak marah-marah?Memperbaiki, ai anies langsung mecat mecatin orang bari marah-marah udah gitu bodoh pula dan gak bisa kerja ..!Majanya Dipecat Jadi Mentri ....",
2020-01-10 05:51:48,sandylovejofalo,"Semoga Marah ""Nya Gak Cuma Action.

Gegara Banjir, Anies Baswedan Bakal Mimpi Buruk Menghadapi Kemarahan Publik Dan Dprd Dki https://t.co/5kss8vafcm",
2020-01-01 07:57:17,ichwankalimasad,"Dana Penanggulangan Banjir Jakarta, Dipotong Anies Baswedan.Tahun 2018 Dipotong 242 Miliar Rupiah Dan Tahun 2019 Dipotong 500 Miliar Rupiah ..

Seiman Gubernurnya, Bahagia Tguppnya ..

https://t.co/l9detdmp0q

Air Jaga Marah Klo Anggarannya Dipotong

#Banjirjakarta",['BanjirJakarta']
2019-11-28 08:31:10,info_kita2,"Agnes MO, Anies Baswedan Dan Sukanto Tanoto Dalam Nasionalisme Kita -
OLEH: Syahganda Nainggolan (Lingkaran Sabang Merauke)

Banyak Tokoh -Tokoh Pegiat Politik Marah Delangan Agnes Mo Beberapa Hari ini .... -https: //t.co/rsnwzxdkuw ... https://t.co/z8kwfhis5r",
2019-11-26 05:40:39,pasfm,"Gubernur dki anies Baswedan, Menegur Deputi Gubernur Bidang Pariwisata Dan Kebudayaan, Dadang Solihin, YG Berdebat Gelangan Para Seniman Taman Izmail Marzuki Terkait Revitalisasi, Yg Virus Viral.Dadang Mengaku sedang Sangan Sangan Sewingga Suaraya Serak Dan Terlihat Seperti Marah.",
2019-11-25 05:29:01,BSallsa,"GAK PUNYA SOPAN SATUN...! Staf Anies Baswedan Marah-marah Dan Ingin Pukul Orang Tua Di Acara Diskusi #Jakarta
#aniesbaswedan
#dkijakarta

https://t.co/OkDKzGQpgL","['Jakarta', 'aniesbaswedan', 'dkijakarta']"
2019-11-23 16:47:51,Indopolitika,Video Viral Diduga Staf Anies Baswedan Marah Dan Bentak Seniman Beredar https://t.co/pe1emmuqyw https://t.co/nd2s1nad2g,
2019-11-23 16:47:42,Indopolitika,Video Viral Diduga Staff Anies Baswedan Marah dan Bentak Seniman Beredar  ¬† https://t.co/7rimihE0Bq via @Indopolitika,
2019-11-13 13:02:25,yunankingstar1,Nasib Raja Yunan /Tan Kim Seng /Yunan Kamtibmas Dan Mitra Kamtibmas Seluruh Indonesia Sama Pak Jokowi Widodo Dan Pak Anies Baswedan Foto Di Edit Tapi Kami Kami Kami Kami Kami Kami Kami Kami Kami Kamum /Tan Kim /Tan Kam /Yunan Akasih https://t.co/arpmh7csvu,
2019-11-11 01:04:14,achmadaxl_99,"Anies baswedan.santun sabar dan ramah, gak kayak satunya marah 2,sok paling benar dan pinter ,dan pinter aktignya",
2019-11-09 07:44:01,yunankingstar1,"
https://t.co/zcfjpjbvks",
2019-11-08 13:28:20,KatolikG,"Yang marah saat Jokowi dibikin gambar pinokio bisa tertawa saat Anies Baswedan dibikin joker,

Eh yg tertawa saat jokowi dibikin pinokio kini marah saat anies baswedan dibikin joker...

Apa sih yang kalian cari selain dengki dan pertengkaran?",
2019-10-04 22:59:44,Ronal_Trimayudi,"@w_runturambi @ishano80 @aniesbaswedan @jokowi Apk Anies Baswedan banding dgn jokowi
Seperti langit dan bumi. 

Dari segi Bahasa aja udah kalah telak, 
Mau bahasa Indonesia ataupun English. 

Segi wawasan apa lagi. 

Segi leadership tambah parah... 
üòé

Jgn marah bong, itu pendapat gw",
2019-08-06 14:09:34,Azhaeri,"Anies Baswedan Pernah Jadi Jubir Tim Pemenangan Jokowi-JK Di 2014.
Pertanyaanya:
APA PERAN BASUKI TJAHAJA Purnama Dalam Tim Pemenangan Jokowi-JK 2014 Dan Jokowi-Amin 2019.?!- Merasa Marah",
2019-08-02 01:54:21,IDactionfigure,"Ternyata .. Lokasi Pengincilan Gambarnya Di Bekasi, Tapi Kompas Dan Partai Nasi Adem Marah-Marahnya Ke Pak Anies Baswedan, Pakai Bawa-Bawa Walkot ... https://t.co/9buzunhxnzzz",
2019-07-24 13:11:04,RomansaRico,"Anies Baswedan hari ini:
1. ""Digandeng"" Gus Miftah
2. ""Dipromosiin"" Surya Paloh 

Tentu ada yg kaget
Tugas kita bukan kaget
Bukan marah dan kecewa pula

Tugas kita warga DKI adalah mengawal,memantau dan memberi saran pd tugas dan kewajiban beliau sbg Gub DKI.",
2019-07-18 01:07:02,yanharuta,"Terimakasih Pak anies baswedan, membruat jakarta lebih Baik Tanpa marah marah Dan Menyakitkan Umat Tertentu",
2019-05-25 11:54:53,theyeheskiel,@CNNIndonesia Knp anies baswedan TIDAK MENGUTUK DAN MARAH atas Perbuatan parah perusuh merusak Taman? Kalaupun di perbaiki lagi tohh anggaran bukan dari kantong pribadikan? melainkan menggunakan anggaran RAPBD JAKARTA.harusnya dia sebagai pimpinan DKI 1 hrs bersikap TEGAS!,
2019-05-23 21:24:43,dikbdig,"Salut Buat Gubernur Jakarta Anies Baswedan
@ANIESBASWEDAN
Bekerja Dan Bersikap, Tanpa Perlu di Media LIPUT.
Bekerja Tanpa Perlu Marah Marah",
2019-04-27 02:55:49,Chlorn_3floride,KLO LOAT BERITA TENTANG PAK ANIES BASWEDA TEH SENENG LIHATYA .. GAG ADA MARAH-MARAH DAN EEK-EEK LAGI .. üòÜüò¨,
2019-04-10 08:57:37,fikrifm23,"üáÆüá© ‚ù§Ô∏èüëÜ‚ù§Ô∏è‚úåÔ∏è‚ù§Ô∏è‚òùÔ∏èüáÆüá©

Jantung: * Tiga Musketeers di Indonesia *: jantung:

*Anies baswedan*

Cerdas, Religius, Kalem, Jujur, Dan Emosinya Selalu Terjaga.Tidak Pernah Terlihat Marah-Marah, Tapi Jagi Tidak Pernah ... https://t.co/vc841at4rp",
2019-03-30 08:26:28,kang_zam777,"3. Pemain Hanya Ahoker-Mafia Balai Kota Yang Marah Dan Merang.Sebabnya Lahan Korupsi Mereka Dipotong Anies Baswedan.
Hampir Dua Tahun Pasca Anies-Sandi Dilantik, Jakarta Tetap Jakarta.

#Pkivspancasila",['PKIvsPANCASILA']
2019-01-23 23:40:50,BudiHar44550607,"@SurveiPolitikRI Gubernur yang memikirkan rakyat adalah anies baswedan lebih berwibawa dan tanpa ada marah, lebih santun dalam berbicara",
2019-01-10 15:04:12,AmyAbbas7,"@Kpu_id @mas_abudiman @viryanazis @novida_evi @masws1533 @pramonoutan @hsym_asyari @arifhakim66 @robie2u @k_setyawan Buktikan, Dan Lkansanakan Uu Pemiliman Umum

KetaHuilah Jika Masyarakat Sangan Marah Gargan Di Panggilnya Anies Baswedan Oleh Bawaslu
#Saveaniesbaswedan",['SaveAniesBaswedan']
2019-01-08 09:25:07,Suryant54877528,@King54fir @aniesbaswedan Bawaslu Jangan Bermain API.Bersikaplah Yang Adil Dan Seimbang.Kalo anies baswedan kalian ancam sanksi pidana bAbaimana dergan kelompok sebelah jelas para kepala pemerintah di daerah gangan menancungkan tangga No. 01. Ingat umat islam akan marah bila tetap eksekusi,
2018-12-29 17:09:40,conan_idn,"@Mentimoen haelaaa bongg ,, mulut lu busuk.KOAR2 MerendaHkan Anies.Mata Lu Buta.OTAK LU SOMPLAK.Ahok Dan Walikota Singkawang Itu Suda Berapa Penghargaaan Dibanding Anies Baswedan @Mentimoen?
Tidak Ada Orang Pintar Dn Besar Didunia Tukang Marah Dimuka Umum.Etikanya Dimana?",
2018-12-17 02:15:35,KojekRapBetawi,"https://t.co/UWB0S5NKeT

setiap saya bertemu Mas Anies Baswedan pertanyaan Stadion selalu ada, karena Insha Allah SWT spirit ini saya jaga sampai stadion benar-benar ada dan semua bisa menikmati, bukan ngoceh-ngoceh marah nuduh stadion gak akan dibangun tapi,",
2018-12-13 11:10:28,MVK_1225,"@mustofa_4riez @detikcom @prabowo setUju bro.SPERTI Waktu Blg Dipukul Orang Trnyata Oplas (Ratna Sarumpaet), Blg Prabowo Tukang Marah Dan Diilisi Golongan Yg TDK Bisik (Anies Baswedan), ATAU Waktu BLG, Presiden, Ummat Trnyata Gak Bisa Bisa Bisa Bisa Bisa Bisa Bisa Bisa Bisa Bisa Bisa Bisa Bisa Bisa BisaMunafik Bener.",
2018-12-10 08:14:11,Ponirahmujahid1,@Hilmi28 @aniesbaswedan Maklum Aja Pak Ustadz Gubernur Andalan Mereka Gak Pny Prestasi Kecuali Marah Marah Dan Ngumpulin Cebong Di Balaikota..Jadi Sakit Pake Banget Kalo Anies Basweded Dapat Dapat Dapat Dapat Dapat Dapat Dapat Dapat Dapat Dapat Dapat Dapat Dapat Dapat Dapat Dapat,
2018-12-02 17:20:42,Najwa_AlSaggaf,"@Edisantoso78edi @gunromli @kingsalman @os_alshuibi @ksamofaen @prabowo @aniesbaswedan @fadlizon dia Pake Arab, ane buta donkü§™.
*Bahwa memang Benar Terjadi Pembakaran Ar-Rayah.JUGA TELAH DIVONIS 10 Hari.Apa yang disampaan iheh duta besar Arab saudi di indonesia bukanlah fitnah karena prabowo, anies baswedan dan fadli zon memang marah gangan pembakaran bendera tauhid.",
2018-10-09 03:00:03,ainunchomsun,"Kita harus hormat pada Presiden RI Joko Widodo, krn itu presiden yang sah sesuai UU. Sama juga kita harus hormat kpd Gubernur Anies Baswedan. Walaupun bukan pilihan kita. Kecewa, kritik, marah boleh aja. Pake caranya yg bener jangan merendahkan dan keluar konteks.",
2018-09-24 03:07:38,Bolalob,"Duka dan Marah Anies Baswedan atas Tewasnya Pendukung Persija
https://t.co/hO97KNw9ve https://t.co/ZPujSTHh4s",
2018-09-24 02:42:02,rancahdotcom,Anies Baswedan Marah dan Berduka atas Tewasnya Suporter Persija di GBLA https://t.co/j3dvOSw0po,
2018-09-23 23:10:34,maklumatnews123,"Anies Baswedan: Jangan Ada Aksi Balasan, Meski Kita Kecewa Dan Marah https://t.co/9fvi7mbjp9 https://t.co/wzaasfm7zf",
2018-08-19 14:40:58,burhanie74,"https://t.co/MuiPkvDKX5

*CATATANKU*

*ANIES BASWEDAN DIPERSEKUSI UNTUK KE DUA KALINYA*

*WARGA DKI JAKARTA SANGAT KECEWA DAN MARAH BESAR*... https://t.co/MuiPkvDKX5",
2018-08-19 12:48:18,rosdiana_sri,"https://t.co/y8cdjehbnw

*CATATRANKU*

*Anies Baswedan Dipersekusi untuk ke dua kalinya*

*WARGA DKI JAKARTA SANGAT KECEWA DAN MARAH BESAR*
üò°üò°üò°üò°üò°üò°üò°üò° ... https://t.co/otlmaoczxm",
2018-07-31 12:47:06,Benidictivity,Untung Pak Anies Baswedan Santun Dan Gak Pernah Marah-Marah.Jadi Walaupun Ada Kasus Pohon Plastik Yang Menghabikan Milyaran Rupiah Dan Kasus Jalur Sepeda Ini Tetap Saja Beliau Tidak Akan Memarahi Bawahananya.Yang Penting Santun.üòä,
2018-04-12 09:27:12,gato_pemula,"@khairul_1411 @gunromli @Suaraanies roflmao lu cuma ulangi omongannya si @suaraanies

Ini Berarti Kamu Tetap Ga Ngerti Kenapa Pak Gus Marah.

Jadi Skrg Yg Bego Siapa?

Lain Kali Belajar Berpikir Sendiri Yah.Jangan Jadi Pendukung Politeri Buta Dan Jadi Buzzer Anies Baswedan.Kalian Ga Beda DGN Ahokers.Selamat tinggal",
2018-04-04 11:32:20,TarotDarma,"Ratna Sarumpaet Main Jaelangkung. Jaelangkungnya Datang. Ibu Ratnanya Mencak-Mencak, Marah, Takut dan Telpon Anies Baswedan. Jaelangkungnya Nganter Ibu Ratna Pulang ke Rumah Sampai Selamat.",
2018-04-03 16:30:00,tribunjambiku,"Video: Petugas Dishub Derek Mobilnya, Ratna Sarumpaet Marah Dan Telepon Anies Baswedan https://t.co/babyvug8p2 https://t.co/p88rgvino",
2018-04-03 14:09:46,otosia,"Viral, Ratna sarumpaet Marah Mobilnya Diderek dan Bilang Telepon Anies Baswedan

Ratna sempat marah-marah kepada petugas Dinas Perhubungan DKI Jakarta karena merasa tak salah memarkirkan mobilnya di pinggir jalan... https://t.co/Sf5qGkPj3d .",
2017-12-23 12:46:15,aling2507,I added a video to a @YouTube playlist https://t.co/5oA8Ijd6Lt Anies Baswedan Marah dan Pusing dengan Banjir. Meminta Bagaimana Cara,
2017-12-12 09:26:33,L3OF14N,"https://t.co/sQbNailQMt

Sejumlah perwakilan ormas dan kelembagaan masyarakat marah atas penundaan agenda makan siang bersama Gubernur DKI Jakarta Anies Baswedan. Kenapa ditunda?",
2017-12-12 08:01:32,dzoenow1993,"https://t.co/kHPhOuKsip

Sejumlah perwakilan ormas dan kelembagaan masyarakat marah atas penundaan agenda makan siang bersama Gubernur DKI Jakarta Anies Baswedan. Kenapa ditunda?",
2017-12-12 07:27:58,cagubnyinyir,"https://t.co/h3Mpew7PBk

Sejumlah perwakilan ormas dan kelembagaan masyarakat marah atas penundaan agenda makan siang bersama Gub. Anies Baswedan. Kenapa ditunda? @lau_irawan @SoffiAgus @MuhSujarw4 @hudattamini @senasurya53",
2017-12-12 07:26:15,semiaji_w,"https://t.co/5lvksu7dju

Sejumlah Perwakilan Ormas Dan Kelembagaan Masyarakat Marah Atas Penundaan Agenda Makan Siang Bersama Gubernur Dki Jakarta Anies Baswedan.Kenapa Ditunda?",
2017-11-11 07:05:32,zivarazalea15,Video SUKA Saya @youtube https://t.co/js2vdcpamt 'penak jaman sopo' buruh marah dikibulin anies baswedan dan minta ahok kembali -,
2017-11-05 04:29:02,BetulakanOnline,Saya suka video @YouTube https://t.co/X6sJz7BOHh 'Pak Jokowi Marah Besar' Belum Apa Apa Anies Baswedan Dan Sandiaga Uno Minta Tambahan,
2017-10-20 07:06:35,PujionoJS,"Kena Macet, Artis Muda Ini Marah-Marah Dan Protes Ke Anies Baswedan https://t.co/KKHFWHZLKC https://t.co/vabeojshhk",
2017-10-20 07:02:18,MSNindonesia,"Kena Macet, Artis Muda Ini Marah-Marah Dan Protes Ke Anies Baswedan https://t.co/f0hhdm3ruj https://t.co/gfprwjifws",
2017-10-16 22:45:33,FitriantoSolo,Komunitas tionghoa di jakarta marah atas ucapan anies baswedan yg di anggap rasis.dan meminta agar -agar Gubernur meminta maaf,
2017-09-03 06:05:01,MaryoSanjaya,Anies Baswedan Marah Besar Dan Inilah Seruan Serta Tuntutan Gubernur Dki Terpilih https://t.co/foo6rbnkyh,
2017-09-03 05:44:04,harijummaulana,Anies Baswedan Marah Besar dan Inilah Seruan Serta Tuntutan Gubernur DKI Terpilih https://t.co/LMDsQUC8Y5,
2017-09-03 05:43:09,dessyardian12,Anies Baswedan Marah Besar Dan Inilah Seruan Serta Tuntutan Gubernur Dki Terpilih: Gubernur DKI Terpilih Anies‚Ä¶ https://t.co/znggrwrs37k,
2017-09-03 05:43:06,goohasrin,Anies Baswedan Marah Besar Dan Inilah Seruan Serta Tuntutan Gubernur DKI Terpilih https://t.co/psxvxmccol,
2017-09-03 05:34:13,mhd_iqbal21,Anies Baswedan Marah Besar Dan Inilah Seruan Serta Tuntutan Gubernur Dki Terpilih https://t.co/3xfafxg8so,
2017-09-03 05:34:11,bertuahpos,Anies Baswedan Marah Besar Dan Inilah Seruan Serta Tuntutan Gubernur Dki Terpilih: Gubernur DKI Terpilih‚Ä¶ https://t.co/wzlfw61m1m #politik,['politik']
2017-09-03 05:23:03,dhevieeadek,Anies Baswedan Marah Besar dan Inilah Seruan Serta Tuntutan Gubernur DKI Terpilih https://t.co/AuzEBKyPl3,
2017-04-30 04:26:49,ferryone7,Ahok Tertibkan Hunian Liar Yang Bikin Kumuh Jakarta ... anies Baswedan Marah Dan Perintahkan Ahok Unkukan ... https://t.co/shsp02lcxv,
2017-04-29 04:58:17,itusalah2017,Ahok Tertibkan Hunian Liar yang bikin Kumuh Jakarta... Anies Baswedan Marah dan Perintahkan Ahok untuk Lakukan ini‚Ä¶ https://t.co/v0xibYQdok,
2017-04-20 04:31:20,muhamad_rendi,Saya mendengar kisah pak Anies Baswedan yg diberhentikan dari kursi menteri. Beliau tidak marah dan berusaha... https://t.co/ki2in9zOz2,
2017-03-08 01:41:15,ojikjookiess,Anies Baswedan Ngeles Dan Marah Lalu Menyalahkan Kompas TV Padahal Dia Yang Dataang Terlambat https://t.co/RT46LAW0KX,
2017-02-24 03:26:20,andalasboys,"KABAR PAGI INI GEGER ,, ANIES BASWEDAN MARAH BESAR KE SANDIAGA UNO DAN MINTA SUPAYA SANDIAGA UNO MUNDUR JADI... https://t.co/O2lb7NdVcB",
2017-02-08 04:17:01,Kritik,Semua kata-kata tersebut diucapkan anies baswedan  dengan mimik wajah marah dan penuh kebencian #AniesCagubBoneka sandiaga,['AniesCagubBoneka']
2017-01-05 11:18:40,yovilon,Pendukung Ahok Ini Marah Dan Sebut Pandangan Negarawan Dan Intelektual Anies Baswedan Telah Habis https://t.co/pivhvc6cid,
2017-01-05 11:18:40,demokrasicoid,Pendukung Ahok Ini Marah Dan Sebut Pandangan Negarawan dan Intelektual Anies Baswedan Telah Habis https://t.co/fczG5PQ86y,
2017-01-05 11:06:14,PBSNIndonesia,Pendukung Ahok ini Marah Dan Sebut Pandangan Negarawan Dan Intelektual Anies Baswedan‚Ä¶ https://t.co/cbsij9llie https://t.co/pdtxz504ev,
2016-11-26 00:22:16,SinyalBerita,Anies Baswedan: Saya Tahat Bisa Terima Dan Marah Keras Atas Apa Yang Terjadi Di Negara Myanmar https://t.co/gfvxsddqmr https://t.co/HQUPTECBDR,
2016-11-25 15:10:39,Bolafowes,Anies Baswedan: Saya Tahat Bisa Terima Dan Marah Keras Atas Apa Yang Terjadi Di Myanmar https://t.co/kl7sduy9xt,
2016-10-13 05:17:27,wrahardian2,"@Breengoss itu karena Anies Baswedan amat munafik dan agak curang, dari UGM lebih banyak lagi yg marah dan mengecam Anies",
2016-06-15 19:01:28,TabloidSergap,"Ketika Menteri Anis Marah Kepada Anak Blahnya
Catatan:
Tulisan Menteri Pendidikan Dan Kebudayaan Anies Baswedan ... https://t.co/dhhhtxkmwn",
2015-12-19 20:50:21,AkipFirmanshah,"Baru ngeh, AA ini marah banget pada Presiden dan Anies Baswedan karena proposal projek G. Padangnya tdk didukung.  https://t.co/ynVXieFiVH",
2015-07-29 00:35:29,Soniindrayana,Terimakasih kepada Mendikbud Anies Baswedan yang pagi ini sudah marah-marah dan menyuruh para siswa baru di Tanggerang nanggalin atribut MOS,
2014-07-22 09:06:53,elhan23,@agus_noor @bluesmerbabu kata mas anies baswedan di belakang layar pak jkw sebenarnya sudah marah dan gak percaya sama wowo.,
2014-05-30 09:33:04,deaedensor,"Beda pilihan figur itu normal,wajar &amp;manusiawi.Santai saja,tidak perlu kecewa dan marah pada orang lain yg pilihannya berbeda.Anies Baswedan",
2011-08-22 15:03:59,Nndpspt,"""Kita Tahu+Marah Saat Alam Dijarah Asing, Tapi Tahukah -Dan Marahkah- Kita Ttg Rakyat Tak Tercerdaskan?""-Sanies Baswedan.#Realcare",['RealCare']
2010-10-25 21:53:44,_hilman,"Anies Baswedan: RT @hojinoke: ""Untuk menyalakan lilin yang tidak mengutuk kegelapan""; Mari Kita Nyalakan Lilin Dan Obor, Bukan Hanya Marah Pada Kegelapa",
