datetime,username,content,hastags;
"2022-10-08 15:04:09,DsSupriyady,""@SiKebongce @TsamaraDKI Relatif tenang, emosinya terjaga,tidak pernah marah,apalagi sampe melaporkan rakyat,dan ulama ,tidak pernah, gubernur yg sopan dan santun ,beda dg jokowi !;"
"Gubernur DKI Anies Baswedan jelas Pendidikannya , silsilah keluarganya ini juga kebalikan dr jokowi, yg serba gak jelas."",;"
"2022-10-08 14:58:55,DsSupriyady,""@SiKebongce @TsamaraDKI Setelah pilkada usai dan gubernur DKI Anies Baswedan menjabat,tidak ada Politik identitas,bahkan aku belum pernah sekalipun melihat Beliau marah saat menjabat,tidak seperti gubernur sebelumnya yg kerjaannya marah - marah dan mengeluarkan perkataan kotor , gubernur Anies ini..."",;"
"2022-10-07 22:28:41,Syinyo,""@OposisiCerdas Dia lagi menjalankan proyek menjatuhkan Anies Baswedan,  ya sudah jadi tanggung jawabnya, bikin kisruh, bikin marah , membolak-balikan pikirkan waras menjadi gila, mendungukan diri sendiri dan orang lain itulah tugasnya"",;"
"2022-10-05 01:15:09,OposisiCerdas,""Debat Denny Siregar dan Niluh Djelantik usai Surya Paloh Dukung Anies Baswedan Capres 2024, Marah?;"
"https://t.co/SKwMqYD0AC"",;"
"2022-10-04 12:12:28,FrediHadikusuma,""@ChusnulCh__ @ganjarpranowo Makin seru nih liat para cebong beriak kolamnya..macam cenul. Panik, sedih, was2, marah, dan mereka trs2an mengelu2kan ganjar yg belum jelas diusung siapa.. ğŸ¤ª;"
"Ehh malah anies baswedan yg udah duluan dipinang nasdem..sakitnya tuh nyelekitttt pake bingitttt...hahahaha"",;"
"2022-10-04 09:35:00,democrazymedia,""DEBAT Denny Siregar dan Niluh Djelantik Usai Surya Paloh Dukung Anies Baswedan Capres 2024, Marah?;"
"https://t.co/nJ4063LBZT"",;"
"2022-09-24 16:38:23,Karinbahary2,""Gua Betawi ;"
Mereka Betawi ;
Dan kita Anies Baswedan;
"Jangan senggol Betawi ya ntar bang Pitung marah ğŸ˜ğŸ¤­ https://t.co/x0f8JqTOQe"",;"
"2022-09-22 00:44:41,andifathdar,""Tabloid Politik Anies Baswedan masuk Masjid bukan pelanggaran pemilu 2024, karena belum ada penetapan KPU tentang paslon Capres Cawapres. Itu namanya pra-kampanye, dan bukan pelanggaran.;"
"Boleh IRI tapi jangan  marah karena ntar kamu Stroke, bahaya itu."",;"
"2022-09-16 22:06:34,didickputra73,""@geloraco Insyaallah Anies Baswedan calon terkuat presiden dan semoga menjadi presiden RI,  karena sudah terbukti bisa memilih Jakarta yang semakin bagus dan maju. Beda dengan Ganjar Pranowo selama memimpin Jateng tidak ada prestasinya . Yang ada hanya pencitraan. Jangan marah ya bong ğŸ˜€"",;"
"2022-09-07 13:27:11,TbnHotlas,""@bambangmulyono2 Rakyat yang mana yang kalian bilang marah, apa keberhasilan dari pak Anies Baswedan selama memimpin DKI Jakarta selain memindahkan nama jalan dan formula E yang tidak menguntungkan rakyat DKI Jakarta. Soal Ahok sudah clear itu bro karena KPK tidak ada menemukan bukti korupsi."",;"
"2022-07-09 22:30:43,TauhidYusron,""Teman SMA Kagum, Anies Baswedan Tak Pernah Marah dan Bicara Kotor https://t.co/Jmhz1I9Thi"",;"
"2022-07-05 13:39:47,Relawananies,""Teman SMA Kagum, Anies Baswedan Tak Pernah Marah dan Bicara Kotor;"
;
"https://t.co/Eq3Q62y8vI"",;"
"2022-07-05 00:28:32,kba_news,""Teman SMA Kagum, Anies Baswedan Tak Pernah Marah dan BicaraÂ Kotor https://t.co/t3E8nojOWg"",;"
"2022-07-02 10:37:24,KopiIte68213328,""Anies itu bekerja dengan Konsep yg matang.;"
Bukan suka nonton Bokep yg bikin otak tegang.;
Anies itu penyabar perlu kita  dicontoh Dan tak suka marah marah .;
Bukan suka menebar Foto diATM dan Bandara.;
ANIES Baswedan is The Best;
"Salam akla sehat. https://t.co/khlVkvXmo8"",;"
"2022-07-01 00:46:01,wellymerukh,""Antara marah dan ketawa;"
Marah karna politisasi SARA meningkat dilakukan kaum2 penjilat anies baswedan bapak politik identitas;
"Ketawa karna level gubernur kerjanya cuma bisa bikin gerbang jalan https://t.co/yqAS6Z2Uwp"",;"
"2022-06-14 08:45:40,AhmadNa80678561,""DULU AHOK MAU JADI PRESIDEN SEMUA ORANG KOK DIAM DAN TIDAK ADA ALASAN APA-APA... SEKARANG BILA ANIES BASWEDAN MAU NYALON PRESIDEN BERMACAM TENTANGAN DAN FITNAH MEREKA BIKIN katanya """""""" Presiden harus orang Jawa kalau tidak nanti NYAI ROROKIDUL akan marah"""""""""""".."",;"
"2022-06-07 00:11:15,Gandawan,""Anies Baswedan tampil keren dengan baju, celana dan sepatu biru.;"
Anies Baswedan sukses menghantar Indonesia dan Jakarta menjadi panggung balapan FORMULA-E.;
"Sementara para BuzzeRP, Nyinyier dan Dalangnya, tampil dengan hati merah marah kedungu-dunguan atas prestasi-prestasi Anies. https://t.co/ILKp5gNczB"",;"
"2022-05-27 00:52:03,MocangTian,""@Mdy_Asmara1701 Anies Penyelamat Perubahan Indonesia ke depan.;"
"Hanya Anies Baswedan yang berani Tutup Proyek Reklamasi Pantai Teluk Jakarta .Dan membuat Pengusaha Agung Podomoro marah besar kepada sdra Ahok .Karena Ahok berani memberikan  menjamin dan kemanan utk membangun pulau di teluk JKT."",;"
"2022-05-12 08:33:16,Gandawan,""PDIP tersinggung dan melaporkan Sekda Kabupaten Dairi, Sumut, Budianta Pinem ke polisi usai menyebut Puan Maharani mengidap penyakit wasir atau ambeien lewat Facebook.;"
"Harusnya PDIP juga tersinggung dan marah kepada Kader PDIP Ruhut Sitompul yang menghina Anies Baswedan."",;"
"2022-05-12 08:33:03,Gandawan,""@detikcom PDIP tersinggung dan melaporkan Sekda Kabupaten Dairi, Sumut, Budianta Pinem ke polisi usai menyebut Puan Maharani mengidap penyakit wasir atau ambeien lewat Facebook.;"
"Harusnya PDIP juga tersinggung dan marah kepada Kader PDIP Ruhut Sitompul yang menghina Anies Baswedan."",;"
2022-05-08 01:47:17,Jaka212141,Marah Karena Minta Sumbangan Ke Anies Baswedan Dan Di Tolak,;
"2022-05-04 07:05:46,haris_zr,""@anton_wka @Helmi_Felis Warga ngg sopan tunjuk"""" ke pak Anies Baswedan, walaupun ada rasa marah dan kecewa tetap kita harus saling menghargai dan menghormati, alhamdulillah beliau tetap dlm kebaikan dan kesabaran"",;"
"2022-04-29 06:51:36,mncrgknskl,""pak anies mustahil tidak tahu beberapa orang di sekitarnya memakai kaos bergambar dirinya dan bertuliskan 'anies baswedan presiden' ketika melakukan pembagian--jika benar--hand sanitizer di acara resmi pemprov dki;"" tapi jangankan marah"," menegur pun tidak.""""",2022-04-28 16:48:00,cR17imo,@mureza522 @LRahmadsyahJ2P @kurawa @ismailfahmi Ini seperti kasus PKI," berawal pelecehan terhadap agama membuat masyarakat geram hingga berlebih-lebihan / keluar dari ajaran agamanya.. dan ini dijadikan senjata (playing victim) .. masyarakat yang marah yang diserang Anies Baswedan""""",";
2022-04-27 04:57:28,ayulest98766599,@jokowi @TsamaraDKI GOODBENER ANIES BASWEDAN emang keren ya pak .. wibawa .  amanah. ..tepatin janji dan shaleh ...walau di hujat ..di caci maki. di fitnah tiap menit oleh pendukung pak jokowi tetapi pak Anies tetap santuy ..gk pernah marah dan gk pernah mempermasalahkannya .,;
2022-04-20 05:02:31",Reiza_Patters,Lalu berlanjut Cebong vs Kampret. Ini biasa awalnya, lalu penggunaan istilah kampret perlahan menghilang dan digantikan dgn istilah Kadrun. Kadal Gurun. Disematkan kepada pendukung Anies Baswedan," oleh orang2 yg sama yg bahkan marah jika ada penyebutan Cina utk org keturunan Cina""""",";
2022-04-12 02:08:43",HendrawanSTB,"Pendukung anies baswedan adalah yg marah saat ratna sarumpaet digebukin ( ternyata ditipu ratna ) Dan Bahagia saat Ade Armando digebukin nyata2 oleh mereka. "";"
;
"Sampai sini kita paham Siapa yg mendukung Anies."",;"
2022-04-07 10:05:04,panca66,Survei Hasil SMRC 3 Capres Pasangan - Cawapres Pasangan Anies Baswedan - Ahy Selalu Unggul Lawan Prabowo - Puan Dan Airlangga - Ganjar Atau Ganjar - Airlangga.Mas @chusnulch__ dkk pasti tambah marah sama anies - ahy nih ğŸ¤ªğŸ¤ªğŸ¤ª https://t.co/f4ynxkwrgg,;
"2022-04-03 15:30:54,bacautas,""Haloo @AntonTenabang02 ğŸ˜ƒğŸ‘‹ Selamat membaca!;"
~Thread.;
Pilpres 2024, Titik Balik Indonesia Bersama Anies Baswedan;
;
Oleh Asyari Usman;
;
"Lelah dan jenuh. Bercampur marah juga. Rata-rata rakyat merasa seperti itu. Jengkel sekali me..."""" https://t.co/3qUjw7nOmK"",;"
"2022-03-21 08:05:31,Mbahhardiman,""@democrazymedia Kalem cerdas tidak pendendam tidak mudah marah meledak ledak,selalu mendahulukan hati dan nalar  penyabar semua di lindungi di ayomi, pemimpin model pak Anies Baswedan sangat di butuhkan di negara Indonesia"",;"
2022-03-17 00:56:10,Mbahhardiman,@siregar_elang anies baswedan bukan tipe pemimpin ngamukan lebay dan mudah marah,;
"2022-01-31 12:11:20,urip_harjito,""@Bramaneks @GeiszChalifah Ga juga, buktinya Rocky Gerung dan Anies Baswedan sok pinter terbukti pintar, kalo Juki sok pintar apalagi berlagak jadi Tuhan, banjir lebih mudah diatasi jika jadi presiden.;"
"Juki yg buat aturan, dia sendiri yg marah dgn aturan, mulutnya Juki emang dubur."",;"
"2022-01-30 09:05:54,DTar169,""@democrazymedia Ga usah marah, bahasa politik emang gitu suka memutarbalikkan fakta, menangkan saja Anies Baswedan 2024 nanti dan tumbangkan PDIP selesai perkara"",;"
"2022-01-17 01:56:13,ndoroAtmo,""Terjawab Besaran Tunjangan Anies Baswedan dan Wagub DKI, Angkanya Fantastis, Ketua DPRD DKI Kesal;"
https://t.co/68Yor5iXEv;
;
0.15% dr APBD DKI Jakarta,;
0.15% x Rp. 70 T = Rp. 105 M;
105:12 = Rp. 8.75 Milyar per bulan ?;
;
"Emang DPRD DKI boleh marah dan nggak setuju ? Emang Rakyat ?"",;"
"2022-01-12 13:05:23,onomsalam2pas,""Hasto Sebut Tri Risma Dan Gibran Layak Gantikan Anies Baswedan, Pengamat Keduanya Tak ada Prestasi Menonjol Selain Marah-marah https://t.co/B7RIW7lfaT @PojokSatu;"
Covid-19;
Rabu 12 Januari 2022;
Ada 4.268.097;
144.150 Meninggal;
Kaesang;
Kale;
Ganja;
Singapura;
#PuasNdasmu;
"#PuasNdasmu"",""['PuasNdasmu', 'PuasNdasmu']"";"
2021-12-27 06:02:58,wisatakhalifa,Gw mah bahagia liat status2 dan komen2 Ahokers Taikers yg saban menit marah dan menggerutu ama Anies Baswedan... Terlihat jelas derita jiwa yg teramat dalam yg mereka tunjukkan ğŸ˜„ https://t.co/s24UsOVhcK,;
"2021-12-11 12:57:30,kuatbastanta,""Memang goblok kok. ;"
Biarin aja dia marah sampe stroke, bg ferdinand. ;
Sejarah akan mencatat. ;
"Anies baswedan dan sebegitu banyak tgupp, menghancurkan jakarta hanya dalam tempo 5 tahun."",;"
"2021-11-30 04:38:07,pelitakininews,""Basuki Tjahaja Purnama Bungkam Gubernur Anies Baswedan, Ahok Disebut Marah dan Muak? Begini Faktanya;"
;
"https://t.co/drgsvPku3I"",;"
"2021-11-29 06:51:03,TangselTerbaru,""Basuki Tjahaja Purnama Bungkam Gubernur Anies Baswedan, Ahok Disebut Marah dan Muak? Begini Faktanya https://t.co/CVVOBsmrfA"",;"
"2021-11-03 09:56:27,Byzanti32901422,""@aagym Benar A kebanyakan pembenci Jokowi begitu """"emosional """" mudah tersulut ,mudah jengkel mudah marah , susah reda kebencian nya ..., Dan di Jakarta pendukung Anies pun begitu mereka sllu emosional klo Anies Baswedan di kritik ...;"
;
"Padahal jelas Anies gk kerja hanya kata dan kata .."",;"
2021-10-13 22:50:00,hartiwik71,@msaid_didu Jd walkot dgn menteri kok perangai sama shj tho jol jol... Marah yg didahulukan... Sbg umat Islam marah sifat syaitan jol kajol... Coba contohi pak gubernur anies baswedan.. Terima dan dengar masalah rakyat bkn maen marah2 doang..,;
"2021-10-13 22:10:55,asma_hanik,""@msaid_didu Seorang menteri yg busanya hanya marah""""... tdk menunjukkan wibawanya. Mending berhenti aja. Yg seperti ini yg dipersiapkan utk menggantikan ANIES B .. Mohon maaf aja... Beda jauh dan bkn kelas nya ANIES BASWEDAN. sy kira  .. Stlh jbtnnya ini gk bakal lanjut jd apa"""" lg. ğŸ˜‹"",;"
2021-10-08 22:16:04,MoonHandayani,@tijabar Coba simak pak anies baswedan bagaimana leadership beliau dan tuturkata serta cara menyikapi satu masalah. Bagaiamana pula marah marah nya beliau pada pelanggar ppkm waktu itu. Kenapa tidak dijadikan contoh,;
"2021-10-08 08:04:39,Thalomoan1,""Marah"""" dan memalukan kata mu tapi marah nya buat pejabat yg kerja nya Amburadul, biarlah marah"""" yg pasti Masyarakat miskin selalu menjadi prioritas nya dia bukan Anies Baswedan si Raja cuap !!"",;"
"2021-07-20 15:56:27,ShenoWirang,""Kenapa Anies Baswedan tidak marah, dia anggap ini sektor esensial. Dia kan selalu dibulak-balik dan dilebih-lebihkan cara kerjanya.;"
;
"Pukimak...!!! https://t.co/93tZUJdXCL"",;"
"2021-07-10 00:35:24,BayuKoosyadi,""@VIVAcoid Penulisnya goblok, itu tegas bukan marah - marah, tidak ada kata cacian dan umpatan dari Anies Baswedan."",;"
"2021-07-09 02:02:23,BangMorinaga,""Makanya nggak heran selama ini, dia kampanye lewat peti mati. Anies Baswedan kalau marah, bukannya menakutkan, tapi kelihatan lucu dan kocak."",;"
"2021-07-07 04:01:28,koranjakarta_id,""Anies Baswedan sidak dan marah-marah di PT Equity Life yang ternyata adalah perusahaan asuransi jiwa dan kesehatan, jadi termasuk sektor usaha esensial dan menurut peraturan diperbolehkan beroperasi. https://t.co/YDDgDj4vKE"",;"
"2021-07-06 15:50:06,yulfentri_munaf,""Tak terbayang, jika yang ada diposisi itu bukan @aniesbaswedan, tapi sidonatur telur. Mungkin dia bisa melotot, monyong dan marah sambil pecahin ribuan butir telur sampai PPKM berakhir. ğŸ˜‚ğŸ‘‡;"
;
"Meledak Amarah Anies Baswedan saat Sidak ke Perkantoran https://t.co/c95zrkrgws"",;"
"2021-07-06 10:46:29,urbanasiacom,""Melihat masih ada pegawai di kantor non esensial yang masuk di masa PPKM darurat ini, Gubernur DKI Jakarta Anies Baswedan marah dan emanggil orang yang bertanggung jawab di perusahaan tersebut.;"
"https://t.co/DwnPEIak0h"",;"
"2021-07-06 07:16:34,tribunnews,""ANIES BASWEDAN MARAH-MARAH;"
;
"Saat sidak, ia mendapati kantor masih buka. """"Sekarang tutup kantor ya, dan katakan pada semua pulang taati aturan. Mengerti?,"""" kata Anies yang disanggupi HRD Ray White Indonesia.;"
;
"https://t.co/VbPQAjwqNf via @tribunnews"",;"
2021-06-28 05:23:32,DahonoB,Memang Anies Baswedan berbeda dari yang lainnya...solusinya aneh...Peti Mayat...dan sekarang Selfi Kuburan...bagi mereka yang anggota keluarganya ada yg terinfeksi covid19...tentu akan marah..karena saat ini semua rumah sakit kewalahan terima pasien covid19.,;
"2021-06-13 08:22:57,prima_alqassam,""Seingat saya, di antara kesamaan bapak2 berikut: Anies Baswedan, Irwan Prayitno, Mahyeldi Ansharullah, adalah tidak pernah tertangkap kamera marah-marah ke bawahannya. Padahal pasti ada yang mencingkahak. Dan sbg mantan pemarah, saya pribadi salut akan hal ini."",;"
"2021-05-26 08:03:36,Gandawan,""Hampir tiap hari membuli Anies Baswedan dengan info dan nalar ngawur.;"
Giliran sempaknya dibuli, dia marah,Dia Lapor Polisi.;
Dasar anak kecil.;
"Sanah beli cendol dulu... ğŸ˜‚ğŸ˜‚ğŸ˜‚ https://t.co/7LgcyNSoYM"",;"
2021-05-12 17:24:48,Pemuda_Depok,Anies Baswedan Marah dan Jemur Ratusan ASN Pemprov DKIÂ Jakarta https://t.co/WxeT4dX8hD,;
"2021-05-11 07:51:01,Deslini2,""@JebulMania291 @aniesbaswedan Anies baswedan itukan manusia bermartabat,dan berkelas.. terdidik attitudenya,indah akhlaknya.;"
"Akan sangat sulit melihat beliau marah apalg kpd rakyatnya..bahkan kpd siapapun..."",;"
"2021-04-27 05:06:40,Anaksemut4,""@Pitung05907627 @marlina_idha @megapolitanpos Kantor swasta yg punya Anies Baswedan juga yaa...;"
;
"Nanti kalau ada PSBB lagi yg punya kantor dan pemerintah pusat marah sama Anies lagi...."",;"
"2021-04-17 02:47:41,Leonita_Lestari,""PSI, PAN, Golkar dan Nasdem mengambil sikap untuk menolak pertanggungjawaban yang disampaikan Gubernur Anies Baswedan namun partai yang kita pikir masih terluka dan marah padanya akibat Ahok jagoannya di Pilgub dijatuhkan dengan cara tak bermartabat, justru menyelamatkannya."",;"
2021-04-10 04:28:39,ArSunantoaris,Ada sebungkus ketan yg disediakan padaku kubuka dan ku bercerita tentang Anies Baswedan dengan segala kehebatan dp 0% nya. Ketan menghitam dia marah :(( https://t.co/UmeQcIPlcz,;
"2021-03-07 03:11:53,Oposisi_Kecil,""@Dias_0612 @D1as_0812 @freedomland4141 @DosaAman @1966Arjuna @Enggang_Marah @DolfieOtay @nurdin_kapo @AzrielFirdaus3 @kang_bacot @Hiroman21 @Muktian3 @perangutan_ @bimbie141 @SiTampanAlfino1 @Lord_Sakto @54rwo_00 @Raj4wal10978_xl @___k1n9f4t1Ra7a @gobeth03 @Syam42933824 @MbahuRekso1796 @myputun @dhea_melienda @dragonb21395797 @StalistS @pujisopy1 @Democrazy211 @Liebe29688934 @chakraWijaya3 @LabuLainWaluh @irza_liberti @MEffendi03 @RachmatBawono @LurahTanpoWargo @DearReAkSe @Ulllufah_fan @karyawantree @Rum4y @r4wn4__o2o2 @jaluciparay @MJtuhMasJoko @2Lingkorizal ğŸ›‘ğŸ›‘ğŸ›‘_Oposisi_Kecil_ğŸ›‘ğŸ›‘ğŸ›‘;"
;
4. Menko PMK: Muhadjir Effendy;
;
Menteri Pendidikan dan Kebudayaan Republik Indonesia pada Kabinet Kerja yang menjabat sejak 27 Juli 2016 menggantikan Anies Baswedan;
;
#IndonesiaTerancamBangkrut;
"#IndonesiaTerancamBangkrut"",""['IndonesiaTerancamBangkrut', 'IndonesiaTerancamBangkrut']"";"
"2021-03-07 03:04:30,Panglima_Minal,""@Dias_0612 @D1as_0812 @freedomland4141 @DosaAman @1966Arjuna @Enggang_Marah @DolfieOtay @nurdin_kapo @AzrielFirdaus3 @kang_bacot @Hiroman21 @Muktian3 @perangutan_ @bimbie141 @SiTampanAlfino1 @Lord_Sakto @54rwo_00 @Raj4wal10978_xl @___k1n9f4t1Ra7a @gobeth03 @Syam42933824 @MbahuRekso1796 @myputun @dhea_melienda @dragonb21395797 @StalistS @pujisopy1 @Democrazy211 @Liebe29688934 @chakraWijaya3 @LabuLainWaluh @irza_liberti @MEffendi03 @RachmatBawono @LurahTanpoWargo @DearReAkSe @Ulllufah_fan @Pedjoeang451 @Pasopati3131 @IbnuKat83533414 @pejuangreceeeh @mujahidPembela @KucinghitamKu20 @Mahmud3Tuan @MAWAR_Merah66 @AcepWaluyo @AntoSan1201 @Peri_AngsaPutih @HaziqMzyan @duta_kurniawan ğŸŒŸğŸŒŸğŸŒŸPanglima_MinalğŸŒŸğŸŒŸğŸŒŸ;"
;
4. Menko PMK: Muhadjir Effendy;
;
Menteri Pendidikan dan Kebudayaan Republik Indonesia pada Kabinet Kerja yang menjabat sejak 27 Juli 2016 menggantikan Anies Baswedan;
;
#IndonesiaTerancamBangkrut;
"#IndonesiaTerancamBangkrut"",""['IndonesiaTerancamBangkrut', 'IndonesiaTerancamBangkrut']"";"
"2021-03-07 03:02:28,Panglima_Minal,""@D1as_0812 @Dias_0612 @freedomland4141 @DosaAman @1966Arjuna @Enggang_Marah @DolfieOtay @nurdin_kapo @AzrielFirdaus3 @kang_bacot @Hiroman21 @Muktian3 @perangutan_ @bimbie141 @SiTampanAlfino1 @Lord_Sakto @54rwo_00 @Raj4wal10978_xl @___k1n9f4t1Ra7a @gobeth03 @Syam42933824 @MbahuRekso1796 @myputun @dhea_melienda @dragonb21395797 @StalistS @pujisopy1 @Democrazy211 @Liebe29688934 @chakraWijaya3 @LabuLainWaluh @irza_liberti @MEffendi03 @RachmatBawono @LurahTanpoWargo @DearReAkSe @Ulllufah_fan @Pedjoeang451 @jhsumidi @TamongPanji @MohImro71177902 @Ary12_10 @sueb_soleh @iwan02007 @Kumis20191 @iskandar__fauzi @amburadul33 @dancersejati1 @ZahrilLabung @DayatPondok ğŸŒŸğŸŒŸğŸŒŸPanglima_MinalğŸŒŸğŸŒŸğŸŒŸ;"
;
4. Menko PMK: Muhadjir Effendy;
;
Menteri Pendidikan dan Kebudayaan Republik Indonesia pada Kabinet Kerja yang menjabat sejak 27 Juli 2016 menggantikan Anies Baswedan;
;
#IndonesiaTerancamBangkrut;
"#IndonesiaTerancamBangkrut"",""['IndonesiaTerancamBangkrut', 'IndonesiaTerancamBangkrut']"";"
"2021-03-07 02:53:47,Tarida_Indah,""@D1as_0812 @Dias_0612 @freedomland4141 @DosaAman @1966Arjuna @Enggang_Marah @DolfieOtay @nurdin_kapo @AzrielFirdaus3 @kang_bacot @Hiroman21 @Muktian3 @perangutan_ @bimbie141 @SiTampanAlfino1 @Lord_Sakto @54rwo_00 @Raj4wal10978_xl @___k1n9f4t1Ra7a @gobeth03 @Syam42933824 @MbahuRekso1796 @myputun @dhea_melienda @dragonb21395797 @StalistS @pujisopy1 @Democrazy211 @Liebe29688934 @chakraWijaya3 @LabuLainWaluh @irza_liberti @MEffendi03 @RachmatBawono @LurahTanpoWargo @DearReAkSe @Ulllufah_fan @duta_kurniawan @KholwatNisa @idayu_wien @rekhmankhl @petirman15 @zidanedjuniorr @gentanggentong2 @Mustofanurd @deva_khrisna @bhakti_yudi @MuflyAhmad @Saadri4 â™¨ï¸â™¨ï¸â™¨ï¸_Tarida_Indah_â™¨ï¸â™¨ï¸â™¨ï¸;"
;
4. Menko PMK: Muhadjir Effendy;
;
Menteri Pendidikan dan Kebudayaan Republik Indonesia pada Kabinet Kerja yang menjabat sejak 27 Juli 2016 menggantikan Anies Baswedan;
;
#IndonesiaTerancamBangkrut;
"#IndonesiaTerancamBangkrut"",""['IndonesiaTerancamBangkrut', 'IndonesiaTerancamBangkrut']"";"
"2021-02-23 07:29:29,kamikazeeeh,""Menteri Pekerjaan Umum dan Perumahan Rakyat Basuki Hadimuljono sempat marah-marah karena sulit bekerja sama dengan Gubernur DKI Jakarta Anies Baswedan untuk menangani banjir Jakarta.;"
;
"Kebayang kan kenapa banjir muncul terus tiap harinya?"",;"
"2021-02-21 19:20:56,bayu_ichszan,""Soal Banjir Jakarta, Sekjen PDIP Hasto Kristiyanto Sebut Ahok dan Menteri PUPR Marah-marah ke Anies Baswedan | PORTAL ISLAM https://t.co/pOQ0utsKDA"",;"
"2021-02-21 10:11:19,Kusanto8,""Emang ahok apa to?;"
"Bukanya ada yg bilang """"mengatasi banjir jakarta lebih mudah jika jadi presiden?"""";"
;
"Soal Banjir Jakarta, Sekjen PDIP Hasto Kristiyanto Sebut Ahok dan Menteri PUPR Marah-marah ke Anies Baswedan https://t.co/ekd5nmByEa"",;"
"2021-02-21 09:21:03,korangala,""Soal Banjir Jakarta, Sekjen PDIP Hasto Kristiyanto Sebut Ahok dan Menteri PUPR Marah-marah ke Anies Baswedan https://t.co/dK1vgTQ5r9 https://t.co/dnlCxXd8HD"",;"
2021-02-21 06:38:04,mncrgknskl,Sekjen PDIP Hasto Kristiyanto Mengungkap Menteri Pekerjaan Umum Dan Perumatan Rakyat Basuki Hadimuljono Sempat Marah-Marah Karena Sulit Berekerja Sama Delangan Gubernur Jakarta Anies Baswedan Untuk Mijernan BanjiKan Jakarta.,;
"2021-02-04 02:43:40,berita_diy,""Marah! Susi Pudjiastuti tidak terima difitnah jadi cawapres Anies Baswedan dan disingkat ASU.;"
#Susi #SusiPudjiastuti #AniesBaswedan #Anies;
;
"https://t.co/kTR3VgufTv"",""['Susi', 'SusiPudjiastuti', 'AniesBaswedan', 'Anies']"";"
"2021-01-26 06:32:01,merdekadotcom,""Habiburokhman Marah dengan Kader Gerindra yang Minta Anies Mundur: Diam Kau!: Kabid Humas Lembaga Advokasi dan Hukum Gerindra Ali Lubis kembali bikin jengkel rekan separtainya. Pemicunya, Ali meminta Gubernur DKI Jakarta Anies Baswedan mundur. https://t.co/jxf0uvLwon"",;"
"2021-01-24 03:04:27,ZakariaHalim17,""Tidak udah marah marah sama  Anies  Baswedan .. !;"
" ANIES  BASWEDAN DIPILIH OLEH  ORANG JAKARTA DAN TUHAN ..ğŸ‘ğŸ‘ğŸ‘ğŸ‘https://t.co/ZZk9IGfDHr"",;"
"2021-01-10 00:22:10,Shona39094647,""@republikaonline Menurut saya, Anies Baswedan adalah tokoh yang SANGAT cerdas, tegas, lembut, santun dan merakyat. Saya belum pernah liat beliau kasih liat muka MARAH, baik ke staff-nya aplgi ke masyarakat kota Jakarta.;"
;
"Jakarta cocok dibawah kendali orang bertangan dingin bukan berwajah dingin. https://t.co/1UnQSRcYrE"",;"
"2020-12-14 04:56:06,NanaAdelia5,""tapi masyarakat akal sehat jadi muak alang kepalang dan marah. Terhadap itu semua, apakah Pak JK yang dulu mengusung Anies Baswedan (seperti pengakuannya sendiri) bisa dan berkenan untuk mengevaluasinya."",;"
"2020-12-14 04:56:05,ErlyKhumalasari,""tapi masyarakat akal sehat jadi muak alang kepalang dan marah. Terhadap itu semua, apakah Pak JK yang dulu mengusung Anies Baswedan (seperti pengakuannya sendiri) bisa dan berkenan untuk mengevaluasinya."",;"
"2020-12-14 04:56:03,mbok_minahh,""tapi masyarakat akal sehat jadi muak alang kepalang dan marah. Terhadap itu semua, apakah Pak JK yang dulu mengusung Anies Baswedan (seperti pengakuannya sendiri) bisa dan berkenan untuk mengevaluasinya."",;"
"2020-11-29 05:13:10,_812ez4_P4hl3v1,""BARU, TADI MALAM...â€¼ï¸;"
Jakarta di bawah Anies Baswedan panen penghargaan. Bhumandala Award dari Badan Informasi Geospasial (BIG). ;
"Sampai mumet sirahku bikin kepsyen. Apa gosah diposting aja yaa. Takut ada yg marah dan ndleming ğŸ˜ğŸ˜ https://t.co/2FKMu5r1Q8"",;"
"2020-11-16 15:48:22,Hmmurahmurahhm2,""Lah Kalau Tak Diurus Kelompok;"
Mak Banteng' MARAH' !!!ğŸ”¨;
;
"SWARAKYAT NEWS: Terlalu Sibuk Urus HRS dan Anies Baswedan, Jokowi ... https://t.co/U7XujGNPiP"",;"
"2020-10-14 12:17:35,kebijakananies_,""Sekjen PDIP diberitakan heran, ada Kepala Daerah yang tenang2 saja melihat Fasum dirusak.;"
;
"Anies Baswedan. Tetap tenang, tanpa marah-marah, dan lebih pilih kasih solusi. Tak hanya sampah pasca demo yang dibersihkan dalam hitungan jam. Infrastruktur rusak juga cepat diperbaiki. https://t.co/xbn18xnzyU"",;"
"2020-09-13 17:26:49,skybeforeyou,""â€¢Bintang dan Malamâ€¢;"
;
Senja memang kenyataannya terlihat sangat cantik. Hadirnya tenang memancing sang malam untuk menyampaikan rindu lewat bintang2. Tp tenang sj, kalau jadwalnya sudah rindu pasti aku akan datang. Jangan bosan2 dirumah,Nanti Pak Anies Baswedan Marah.;
;
"#seulhun https://t.co/MrpXtZlpCa"",['seulhun'];"
"2020-09-13 04:18:52,Mas_zobirin,""@syahganda @tribunnews Pertanda cukong marah, BuzzeRp dan kakak pembina gagal menumbangkan goodbener Indonesia Anies Baswedan"",;"
2020-09-11 23:10:17,beritaislamorg,Kebijakan Anies Baswedan Bikin Istana Naik Pitam Dan Buzzernya Marah Besar https://t.co/ogsr1kwxoa,;
2020-09-11 15:35:55,reformasimental,Benny K Harman: Kebijakan Anies Baswedan Bikin Istana Naik Pitam Dan Buzzernya Marah Besar https://t.co/a6u3ngkb9z,;
"2020-09-11 15:26:12,swarakyatcom,""Kebijakan Anies Baswedan Bikin Istana Naik Pitam dan Buzzernya Marah Besar;"
"https://t.co/i6uG9Zverh"",;"
2020-09-11 10:24:33,ZakariaHalim17,Anies adalah pilihan Tuhan ..Benny K Harman: Kebijakan Anies Baswedan Bikin Istana Naik Pitam dan Buzzernya Marah Besar https://t.co/5DujbJBXtr,;
2020-09-11 03:30:15,ZakariaHalim17,Anies adalah pilihan Tuhan ..Benny K Harman: Kebijakan Anies Baswedan Bikin Istana Naik Pitam dan Buzzernya Marah Besar https://t.co/5DujbJkmBT,;
2020-09-11 02:00:44,RepelitaO,Benny K Harman: Kebijakan Anies Baswedan Bikin Istana Naik Pitam dan Buzzernya Marah Besar https://t.co/OTB4yb1sc7 lewat @Repelita,;
2020-09-11 01:45:03,fajaronline,Benny K Harman: Kebijakan Anies Baswedan Bikin Istana Naik Pitam dan Buzzernya Marah Besar https://t.co/zeCdJjznv5,;
2020-09-11 01:43:07,kabarpol,Benny K Harman: Kebijakan Anies Baswedan Bikin Istana Naik Pitam dan Buzzernya MarahÂ Besar https://t.co/qzPS212H0f,;
2020-09-11 01:43:04,kabarpolitik,Benny K Harman: Kebijakan Anies Baswedan Bikin Istana Naik Pitam Dan Buzzernya Marah Besar https://t.co/bo1s3lrvrw,;
"2020-09-04 06:08:14,eradotid,""Gubernur DKI Jakarta Anies Baswedan, marah dan menutup serta mendenda manajemen Kafe Terbalik Coffee di Jalan Haji Nawi, Jakarta Selatan. https://t.co/h1UlzZrb11"",;"
"2020-08-27 13:40:48,iman100017,""@GeiszChalifah Amboy, gak perlu marah-marah netizen yang mbully Pertamina om @Dennysiregar7, colok aja Anies Baswedan dan aparaturnya."",;"
"2020-08-22 12:07:13,Relawananies,""Pada saat situasi apapun, Anies selalu mengumbar senyum dan terlihat bahagia, dan ketika ada masalah beliau selalu menghadapinya dengan tenang.;"
;
"Tapi bukan berarti Anies Baswedan tidak bisa marah, hanya saja tidak biasa marah-marah apalagi memarahi orang di depan orang ramai. https://t.co/7C8y7efUnY"",;"
"2020-08-17 02:18:41,BennyAzwar7,""@Relawananies @Reiza_Patters @tatakujiyati @Toperendusara1 @kebijakananies @sahabatanies_ @marlina_idha Itulah pak Anies Baswedan, hatinya bersih, pemikirannya brillian, otaknya cerdas, ilmunya tinggi, berjuang dengan ikhlas, namun tetap rendah hati. Nggak marah di-bully. Semoga Allah SWT senantiasa melindungi dan meridhoi perjuangan beliau, aamiin."",;"
"2020-07-24 12:15:27,Joglosemarnews,""Marah dan Geram, Anies Baswedan: Hai Kau Pengecut, Lihatkan Wajah Bayi 3 Bulan, Kini Dia Yatim! https://t.co/KUxgLqQYCJ"",;"
"2020-07-20 07:03:03,LaeHoras_,""Saat Anies Baswedan mengaku orang Jawa, wabil khusus orang Yogyakarta, banyak sekali orang yang marah, nyinyir, dan mengejek. Saya justru tertawa terbahak, sekaligus meneteskan air mata. Justru terharu oleh kebodohan dan kesombongannya."",;"
"2020-06-29 11:35:29,HukumDan,""Anies Baswedan selama jadi Gubernur DKI tidak pernah terlihat marah.. Menghadapi persoalan dan penyelesaian masalah dengan Sabar dan semua bisa terselesaikan. ;"
Marah bukan menyelesaian masalah justru bikin ;
Ruwet Ruwet Ruwet ;
"#AniesMemangKeren"",['AniesMemangKeren'];"
2020-05-09 06:15:10,raj_dima,Menko PMK Muhadjir Effendy Mengaku Sempat Bersitegang Dan Marah Besar Gangan Gubernur Dki Jakarta Anies Baswedan.PENYEBABYA ADALAH KETIDAKSINKRONAN DATA MENGENAI PENIALURAN BANTUAN SOSIAL (BANSOS) UNTUK MASYARAKAT YANG Terdampak Pandemi Virus Corona (Covid-19) Di Jakarta.,;
"2020-04-29 13:40:15,JoshuaIgho,""Saya, kalau udah lama nggak emosi dan pingin marah-marah, gampang caranya: buka Twitter. Baca ocehannya Anies Baswedan, Tengku Zulkarnaen, Hidayat Nurwahid, Fadli Zon, Said Didu, Rizal Ramli udah cukup buat mecahin gelas satu lusin."",;"
"2020-04-20 01:51:30,mustain_masdar,""Gubernur Anies Baswedan sangatlah beruntung, dosanya diambil para buzzer dan para pembenci beliau....begitu legowonya beliau dibully dan dicaci maki, dia tidak pernah marah cuma disenyumin aja... ;"
"Subhanallah, semoga Allah SWT melindungi beliau ...."",;"
"2020-04-14 14:36:23,HukumDan,""Anies Baswedan sudah jelas berpihak kepada masyarakat yang berekonomi lemah. Kaum miskin dan rentan miskin. ;"
Kalau ada yang dapat bantuan sembako kemudian marah merasa bantuan masih kurang. ;
Yakinlah mereka itu Jokower Ahoker yang gak tau diri ;
"Miskin Dungu https://t.co/EGgsNCrs1x"",;"
2020-04-08 01:36:52,DetaxId,[Hoax] Anies Baswedan Marah dan Jokowi Mengaku Dirinya Pembantu Tiongkok https://t.co/VSxbpFIs3Y via @DetaxId,;
"2020-03-27 15:23:02,FatihJufri,""@FerdinandHaean2 @mas_piyuuu @aniesbaswedan Yg di kritik yg memang benar dan jelas.. tapi loe nyerang @aniesbaswedan kadang gak pernah ada yg benar malah fitnah.. di situ lah perbedaan nya..;"
;
"Anies baswedan waspada covid tapi kalian marah.. dia waspada covid demi rakyat nya di jakarta.. kenapa kalian marah.."",;"
"2020-03-27 08:04:09,yunankingstar1,""MAU TUNGGU ANIES DAN JOKOWI WIDODO DAN MARUF AMIN TUNGGU SAMPAI TAHUN SHIO MONYET JUGA KAGAK MUNCUL TUH ADA NYA MASKER DICURI OLEH ORANG DIGUDANG MEREKA SIMPAN INI NYATA LOH GUYS.JANGAN MARAH YA JOKOWI WIDODO,MARUF AMIN DAN ANIES BASWEDAN KALAU LU PADE MARAH GUA BISA LEBIH MARAH. https://t.co/l3UpM9oldk"",;"
"2020-03-26 23:16:07,fgembil,""dari mulai anies baswedan yang lo hardik secara personal dari mulai menghina dia, lo edit muka dia seakan dia tenggelam di banjir. Bro biarkan dia sebagai orang yang bersangkutan menyelesaikan pekerjaan dulu. Dan pas dia bikin kebijakan nutup semua tempat wisata di jkt lo marah ?"",;"
"2020-03-19 04:28:39,abu_syfa,""@Haikals_OS @4smara1701 @aniesbaswedan Ada penguasa yang pernah dibawah asuhan dan bimbingan pak anies baswedan, tapi karena gak pinterÂ² juga , penguasa culas itu marah, lalu memecat gurunya sendiri.."",;"
"2020-02-29 23:35:54,Sofyar_irfs,""Bela Anies Baswedan dan Sindir PSI yang Bully Gubernur, Narasumber di ILC ini Dipuji Karni Ilyas;"
;
Hanya cebong dan togog,yang menjadikan musibah lahan untuk mencari makan.;
;
"Para taikpan marah reklamasi mati suri,mengerahkan buzzer bayaran. https://t.co/bpAgvNYNDf"",;"
"2020-02-27 17:57:47,sofyar_irfs2,""Reklamasi digagalkan Anies Baswedan,para cukong marah dan mengerjakan para penghianat bangsa ini yang bisa dibeli,untuk menjegal dan bully @aniesbaswedan"",;"
"2020-02-26 07:17:29,RepelitaO,""Komisi V Sangat Marah Sama Anies Baswedan, Ridwan Kamil dan Wahidin Halim https://t.co/McG3ji70PY lewat @Repelita"",;"
"2020-02-26 02:01:12,patriot016610,""atau di balas dengan cara apapun apalagi di laporkan dan itu tidak mungkin terjadi, marah saja Pak Anies Baswedan tidak pernah. ;"
;
"Beliau Lebih baik bekerja dengan narasi gagasan ide untuk memberikan manfaat bagi masyarakat yg berkeadilan dan ada hal yang lebih penting untuk"",;"
"2020-02-25 15:11:14,SemutMerah007,""Muhammad Zazuli menyebut bahwa ekpresi korban banjir tersebut karena kecewa &amp; marah terhadap Gubernur DKI saat ini Anies Baswedan karena tidak becus dan gagal mengatasi banjir DKI yang sudah berjilid-jilid menghantam DKI Jakarta. "
"#ILCSalahkanAnies"",['ILCSalahkanAnies'];"
"2020-02-08 08:27:04,alam_pado,""Gus Dur dihina dan dicaci santai saja;"
H.Agus Salim dihina dicaci biasa saja. ;
SBY dihina dan dicaci ngga marah. ;
Anies Baswedan dihina dan dicaci cuek saja. ;
"Karena apa . .mereka tak mau buang energi yg tak penting"",;"
"2020-01-19 01:22:24,eedo_realman,""@4smara1701 Emang nya junjungan ente Anies Baswedan kagak marah-marah? Mending, ai Anies langsung mecat mecatin orang bari marah-marah udah gitu bodoh pula dan gak bisa kerja..! Makanya dipecat jadi Mentri...."",;"
"2020-01-10 05:51:48,sandylovejofalo,""Semoga marah""""nya gak cuma action.;"
;
"Gegara Banjir, Anies Baswedan Bakal Mimpi Buruk Menghadapi Kemarahan Publik dan DPRD DKI https://t.co/5KSs8vaFcm"",;"
"2020-01-01 07:57:17,ichwankalimasad,""Dana penanggulangan banjir Jakarta, dipotong Anies Baswedan. Tahun 2018 dipotong 242 miliar rupiah dan tahun 2019 dipotong 500 miliar rupiah..;"
;
Seiman Gubernurnya, bahagia TGUPPnya..;
;
https://t.co/L9DEtdMp0q;
;
Air juga marah klo anggarannya dipotong;
;
"#BanjirJakarta"",['BanjirJakarta'];"
"2019-11-28 08:31:10,info_kita2,""Agnes Mo, Anies Baswedan dan Sukanto Tanoto dalam Nasionalisme Kita - ;"
Oleh : Syahganda Nainggolan (Sabang Merauke Circle);
;
"Banyak tokoh-tokoh pegiat politik marah dengan Agnes Mo beberapa hari ini.... -https://t.co/rsNwzXdkUw ... https://t.co/z8KWFHIs5R"",;"
"2019-11-26 05:40:39,pasfm,""Gubernur DKI Anies Baswedan, menegur Deputi Gubernur Bidang Pariwisata dan Kebudayaan, Dadang Solihin, yg berdebat dengan para seniman Taman Izmail Marzuki terkait revitalisasi, yg videonya viral. Dadang mengaku sedang sakit sehingga suaranya serak dan terlihat seperti marah."",;"
"2019-11-25 05:29:01,BSallsa,""GAK PUNYA SOPAN SATUN...! Staf Anies Baswedan Marah-marah Dan Ingin Pukul Orang Tua Di Acara Diskusi #Jakarta;"
#aniesbaswedan;
#dkijakarta;
;
"https://t.co/OkDKzGQpgL"",""['Jakarta', 'aniesbaswedan', 'dkijakarta']"";"
2019-11-23 16:47:51,Indopolitika,Video Viral Diduga Staf Anies Baswedan Marah Dan Bentak Seniman Beredar https://t.co/pe1emmuqyw https://t.co/nd2s1nad2g,;
2019-11-23 16:47:42,Indopolitika,Video Staf Diduga Viral Anies Baswedan Marah Dan Bentak Seniman Beredar https://t.co/7rimihe0bq via @indopolitika,;
2019-11-13 13:02:25,yunankingstar1,Nasib Raja Yunan /Tan Kim Seng /Yunan Kamtibmas Dan Mitra Kamtibmas Seluruh Indonesia Sama Pak Jokowi Widodo Dan Pak Anies Baswedan Foto Di Edit Tapi Kami Kami Kami Kami Kami Kami Kami Kami Kami Kamum /Tan Kim /Tan Kam /Yunan Akasih https://t.co/arpmh7csvu,;
"2019-11-11 01:04:14,achmadaxl_99,""Anies baswedan.santun sabar dan ramah, gak kayak satunya marah 2,sok paling benar dan pinter ,dan pinter aktignya"",;"
"2019-11-09 07:44:01,yunankingstar1,""ANIES BASWEDAN TIDAK PUSING DAN MARAH WAJAH NYA DI UBAH JADI JOKER SEBAB ANIES BASWEDAN TIDAK MERASA ITU WAJAH DIRI NYA JADI ADE ARMANDO TIDAK BISA DI PROSES SECARA HUKUM SEBAB YANG BERSANGKUTAN TIDAK MERASA DAN MARAH ATAS DUGAAN KASUS JOKER ;"
"https://t.co/ZcFJPJbvkS"",;"
"2019-11-08 13:28:20,KatolikG,""Yang marah saat Jokowi dibikin gambar pinokio bisa tertawa saat Anies Baswedan dibikin joker,;"
;
Eh yg tertawa saat jokowi dibikin pinokio kini marah saat anies baswedan dibikin joker...;
;
"Apa sih yang kalian cari selain dengki dan pertengkaran?"",;"
"2019-10-04 22:59:44,Ronal_Trimayudi,""@w_runturambi @ishano80 @aniesbaswedan @jokowi Apk Anies Baswedan banding dgn jokowi;"
Seperti langit dan bumi. ;
;
Dari segi Bahasa aja udah kalah telak, ;
Mau bahasa Indonesia ataupun English. ;
;
Segi wawasan apa lagi. ;
;
Segi leadership tambah parah... ;
ğŸ˜;
;
"Jgn marah bong, itu pendapat gw"",;"
"2019-08-06 14:09:34,Azhaeri,""Anies Baswedan pernah jadi Jubir Tim Pemenangan Jokowi-JK di 2014.;"
Pertanyaannya:;
"Apa peran Basuki Tjahaja Purnama dalam tim pemenangan Jokowi-JK 2014 dan Jokowi-Amin 2019.?! â€” merasa marah"",;"
"2019-08-02 01:54:21,IDactionfigure,""TERNYATA.. lokasi pengambilan gambarnya di Bekasi, tapi kompas dan Partai Nasi Adem marah-marahnya ke Pak Anies Baswedan, pakai bawa-bawa walkot... https://t.co/9buzuNhxnz"",;"
"2019-07-24 13:11:04,RomansaRico,""Anies Baswedan hari ini:;"
"1. """"Digandeng"""" Gus Miftah;"
"2. """"Dipromosiin"""" Surya Paloh ;"
;
Tentu ada yg kaget;
Tugas kita bukan kaget;
Bukan marah dan kecewa pula;
;
"Tugas kita warga DKI adalah mengawal,memantau dan memberi saran pd tugas dan kewajiban beliau sbg Gub DKI."",;"
"2019-07-18 01:07:02,yanharuta,""Terimakasih pak Anies Baswedan, membuat Jakarta Lebih Baik tanpa marah marah dan menyakitkan umat tertentu"",;"
2019-05-25 11:54:53,theyeheskiel,@Cnnindonesia knp anies baswedan tidak penggutuk dan marah atas perbuatan parah perusuh merusak taman?Kalaupun di Perbaiki Lagi Tohh Anggraran Bukan Dari Kantong Pribadikan?Melainkan Menggunakan Anggraran rapbd jakarta.harusnya dia sebagai pimpinan dki 1 jam bersikap tegas!,;
"2019-05-23 21:24:43,dikbdig,""Salut buat gubernur Jakarta Anies Baswedan ;"
@aniesbaswedan ;
Bekerja dan bersikap, tanpa perlu di liput media.;
"Bekerja tanpa perlu marah marah"",;"
2019-04-27 02:55:49,Chlorn_3floride,KLO LOAT BERITA TENTANG PAK ANIES BASWEDA TEH SENENG LIHATYA .. GAG ADA MARAH-MARAH DAN EEK-EEK LAGI .. ğŸ˜†ğŸ˜¬,;
"2019-04-10 08:57:37,fikrifm23,""ğŸ‡®ğŸ‡© â¤ï¸ğŸ‘†â¤ï¸âœŒï¸â¤ï¸â˜ï¸ğŸ‡®ğŸ‡©;"
;
Heart: *The Three Musketeers of Indonesia* :heart:;
;
*Anies Baswedan*;
;
"Cerdas, religius, kalem, jujur, dan emosinya selalu terjaga. Tidak pernah terlihat marah-marah, tapi juga tidak pernah... https://t.co/vC841aT4rP"",;"
"2019-03-30 08:26:28,kang_zam777,""3. Hanya Ahoker-Mafia Player Balai Kota yang marah dan meradang. Sebabnya lahan korupsi mereka dipotong Anies Baswedan. ;"
Hampir dua tahun pasca Anies-Sandi dilantik, Jakarta tetap Jakarta. ;
;
"#PKIvsPANCASILA"",['PKIvsPANCASILA'];"
"2019-01-23 23:40:50,BudiHar44550607,""@SurveiPolitikRI Gubernur yang memikirkan rakyat adalah anies baswedan lebih berwibawa dan tanpa ada marah, lebih santun dalam berbicara"",;"
"2019-01-10 15:04:12,AmyAbbas7,""@KPU_ID @mas_abudiman @viryanazis @novida_evi @masws1533 @PramonoUtan @hsym_asyari @arifhakim66 @robie2u @K_Setyawan Buktikan, dan laksanakan UU pemilihan umum ;"
;
Ketahuilah jika masyarakat sangat marah dengan di panggilnya ANIES Baswedan oleh Bawaslu ;
"#SaveAniesBaswedan"",['SaveAniesBaswedan'];"
2019-01-08 09:25:07,Suryant54877528,@King54fir @aniesbaswedan Bawaslu Jangan Bermain API.Bersikaplah Yang Adil Dan Seimbang.Kalo anies baswedan kalian ancam sanksi pidana bAbaimana dergan kelompok sebelah jelas para kepala pemerintah di daerah gangan menancungkan tangga No. 01. Ingat umat islam akan marah bila tetap eksekusi,;
"2018-12-29 17:09:40,conan_idn,""@Mentimoen Haelaaa Bongg,, Mulut Lu busuk. Koar2 merendahkan Anies. Mata Lu Buta. Otak Lu Somplak. Ahok dan Walikota Singkawang itu sudah berapa Penghargaaan dibanding Anies Baswedan @Mentimoen ?;"
"Tidak ada orang pintar dn besar didunia tukang marah dimuka umum. Etikanya dimana?"",;"
"2018-12-17 02:15:35,KojekRapBetawi,""https://t.co/UWB0S5NKeT;"
;
"setiap saya bertemu Mas Anies Baswedan pertanyaan Stadion selalu ada, karena Insha Allah SWT spirit ini saya jaga sampai stadion benar-benar ada dan semua bisa menikmati, bukan ngoceh-ngoceh marah nuduh stadion gak akan dibangun tapi,"",;"
"2018-12-13 11:10:28,MVK_1225,""@mustofa_4riez @detikcom @prabowo Setuju Bro. Sperti waktu blg dipukul orang trnyata oplas (Ratna Sarumpaet), blg Prabowo tukang marah dan diikuti golongan yg tdk baik (Anies Baswedan), atau waktu blg Presiden pilihan Ummat trnyata gak bisa shalat ya (Prabowo). Munafik bener."",;"
2018-12-10 08:14:11,Ponirahmujahid1,@Hilmi28 @aniesbaswedan Maklum aja pak ustadz gubernur andalan mereka gak pny prestasi kecuali marah marah dan ngumpulin cebong di balaikota..jadi sakit hatinya pake banget kalo Anies Baswedan dapat penghargaan dan prestasi,;
"2018-12-02 17:20:42,Najwa_AlSaggaf,""@Edisantoso78Edi @GunRomli @KingSalman @Os_alshuibi @KSAmofaEN @prabowo @aniesbaswedan @fadlizon Dia Pake Arab, Ane Juga DonkğŸ¤ª.;"
"*Bahwa Memang Benar Terjadi Pembakaran Ar-Rayah. Juga Telah Divonis 10 Hari. Apa Yang Disampaikan Oleh Duta Besar Arab Saudi Di Indonesia Bukanlah Fitnah Karena Prabowo, Anies Baswedan Dan Fadli Zon Memang Marah Dengan Pembakaran Bendera Tauhid."",;"
"2018-10-09 03:00:03,ainunchomsun,""Kita harus hormat pada Presiden RI Joko Widodo, krn itu presiden yang sah sesuai UU. Sama juga kita harus hormat kpd Gubernur Anies Baswedan. Walaupun bukan pilihan kita. Kecewa, kritik, marah boleh aja. Pake caranya yg bener jangan merendahkan dan keluar konteks."",;"
"2018-09-24 03:07:38,Bolalob,""Duka dan Marah Anies Baswedan atas Tewasnya Pendukung Persija;"
"https://t.co/hO97KNw9ve https://t.co/ZPujSTHh4s"",;"
2018-09-24 02:42:02,rancahdotcom,Anies Baswedan Marah dan Berduka atas Tewasnya Suporter Persija di GBLA https://t.co/j3dvOSw0po,;
"2018-09-23 23:10:34,maklumatnews123,""Anies Baswedan : Jangan Ada Aksi Balasan, Meski Kita Kecewa dan Marah https://t.co/9Fvi7mBJp9 https://t.co/WzaASfM7ZF"",;"
"2018-08-19 14:40:58,burhanie74,""https://t.co/MuiPkvDKX5;"
;
*CATATANKU*;
;
*ANIES BASWEDAN DIPERSEKUSI UNTUK KE DUA KALINYA*;
;
"*WARGA DKI JAKARTA SANGAT KECEWA DAN MARAH BESAR*... https://t.co/MuiPkvDKX5"",;"
"2018-08-19 12:48:18,rosdiana_sri,""https://t.co/Y8cdJeHbNW;"
;
*CATATANKU*;
;
*ANIES BASWEDAN DIPERSEKUSI UNTUK KE DUA KALINYA*;
;
*WARGA DKI JAKARTA SANGAT KECEWA DAN MARAH BESAR*;
"ğŸ˜¡ğŸ˜¡ğŸ˜¡ğŸ˜¡ğŸ˜¡ğŸ˜¡ğŸ˜¡ğŸ˜¡... https://t.co/OTLMaOCZxm"",;"
2018-07-31 12:47:06,Benidictivity,Untung Pak Anies Baswedan Santun Dan Gak Pernah Marah-Marah.Jadi Walaupun Ada Kasus Pohon Plastik Yang Menghabikan Milyaran Rupiah Dan Kasus Jalur Sepeda Ini Tetap Saja Beliau Tidak Akan Memarahi Bawahananya.Yang Penting Santun.ğŸ˜Š,;
"2018-04-12 09:27:12,gato_pemula,""@khairul_1411 @GunRomli @SuaraAnies Roflmao lu cuma ulangi omongannya si @SuaraAnies;"
;
Ini berarti kamu tetap ga ngerti kenapa Pak Gus marah. ;
;
Jadi skrg yg bego siapa?;
;
"Lain kali belajar berpikir sendiri Yah. Jangan jadi pendukung politisi buta dan jadi buzzer Anies Baswedan. Kalian ga beda dgn Ahokers. Bye"",;"
"2018-04-04 11:32:20,TarotDarma,""Ratna Sarumpaet Main Jaelangkung. Jaelangkungnya Datang. Ibu Ratnanya Mencak-Mencak, Marah, Takut dan Telpon Anies Baswedan. Jaelangkungnya Nganter Ibu Ratna Pulang ke Rumah Sampai Selamat."",;"
"2018-04-03 16:30:00,tribunjambiku,""VIDEO: Petugas Dishub Derek Mobilnya, Ratna Sarumpaet Marah dan Telepon Anies Baswedan https://t.co/BAbyVUG8p2 https://t.co/p88RRGvINo"",;"
"2018-04-03 14:09:46,otosia,""Viral, Ratna sarumpaet Marah Mobilnya Diderek dan Bilang Telepon Anies Baswedan;"
;
"Ratna sempat marah-marah kepada petugas Dinas Perhubungan DKI Jakarta karena merasa tak salah memarkirkan mobilnya di pinggir jalan... https://t.co/Sf5qGkPj3d ."",;"
2017-12-23 12:46:15,aling2507,I added a video to a @YouTube playlist https://t.co/5oA8Ijd6Lt Anies Baswedan Marah dan Pusing dengan Banjir. Meminta Bagaimana Cara,;
"2017-12-12 09:26:33,L3OF14N,""https://t.co/sQbNailQMt;"
;
"Sejumlah perwakilan ormas dan kelembagaan masyarakat marah atas penundaan agenda makan siang bersama Gubernur DKI Jakarta Anies Baswedan. Kenapa ditunda?"",;"
"2017-12-12 08:01:32,dzoenow1993,""https://t.co/kHPhOuKsip;"
;
"Sejumlah perwakilan ormas dan kelembagaan masyarakat marah atas penundaan agenda makan siang bersama Gubernur DKI Jakarta Anies Baswedan. Kenapa ditunda?"",;"
"2017-12-12 07:27:58,cagubnyinyir,""https://t.co/h3Mpew7PBk;"
;
"Sejumlah perwakilan ormas dan kelembagaan masyarakat marah atas penundaan agenda makan siang bersama Gub. Anies Baswedan. Kenapa ditunda? @lau_irawan @SoffiAgus @MuhSujarw4 @hudattamini @senasurya53"",;"
"2017-12-12 07:26:15,semiaji_w,""https://t.co/5lvksu7DJU;"
;
"Sejumlah perwakilan ormas dan kelembagaan masyarakat marah atas penundaan agenda makan siang bersama Gubernur DKI Jakarta Anies Baswedan. Kenapa ditunda?"",;"
2017-11-11 07:05:32,zivarazalea15,Video SUKA Saya @youtube https://t.co/js2vdcpamt 'penak jaman sopo' buruh marah dikibulin anies baswedan dan minta ahok kembali -,;
2017-11-05 04:29:02,BetulakanOnline,Video SUKA Saya @youtube https://t.co/x6sjz7bohh 'Pak Jokowi Marah Besar' Belum apa anies Baswedan Dan Sandiaga Uno Minta Tambahan,;
"2017-10-20 07:06:35,PujionoJS,""Kena Macet, Artis Muda Ini Marah-marah dan Protes ke Anies Baswedan https://t.co/kkHFwHzLKC https://t.co/vABEOJsHHK"",;"
"2017-10-20 07:02:18,MSNindonesia,""Kena Macet, Artis Muda Ini Marah-marah dan Protes ke Anies Baswedan https://t.co/f0hHDM3Ruj https://t.co/gFPrWjIFws"",;"
2017-10-16 22:45:33,FitriantoSolo,Komunitas tionghoa di jakarta marah atas ucapan anies baswedan yg di anggap rasis.dan meminta agar -agar Gubernur meminta maaf,;
2017-09-03 06:05:01,MaryoSanjaya,Anies Baswedan Marah Besar dan Inilah Seruan Serta Tuntutan Gubernur DKI Terpilih https://t.co/foO6rbNKYH,;
2017-09-03 05:44:04,harijummaulana,Anies Baswedan Marah Besar Dan Inilah Seruan Serta Tuntutan Gubernur DKI Terpilih https://t.co/lmdsquc8y5,;
2017-09-03 05:43:09,dessyardian12,Anies Baswedan Marah Besar dan Inilah Seruan Serta Tuntutan Gubernur DKI Terpilih: Gubernur DKI Terpilih Aniesâ€¦ https://t.co/zNggwrS37K,;
2017-09-03 05:43:06,goohasrin,Anies Baswedan Marah Besar Dan Inilah Seruan Serta Tuntutan Gubernur DKI Terpilih https://t.co/psxvxmccol,;
2017-09-03 05:34:13,mhd_iqbal21,Anies Baswedan Marah Besar dan Inilah Seruan Serta Tuntutan Gubernur DKI Terpilih https://t.co/3XfaFxG8SO,;
2017-09-03 05:34:11,bertuahpos,Anies Baswedan Marah Besar dan Inilah Seruan Serta Tuntutan Gubernur DKI Terpilih: Gubernur DKI Terpilihâ€¦ https://t.co/wZlfw61m1m #politik,['politik'];
2017-09-03 05:23:03,dhevieeadek,Anies Baswedan Marah Besar Dan Inilah Seruan Serta Tuntutan Gubernur Dki Terpilih https://t.co/auzebkypl3,;
2017-04-30 04:26:49,ferryone7,Ahok Tertibkan Hunian Liar Yang Bikin Kumuh Jakarta ... anies Baswedan Marah Dan Perintahkan Ahok Unkukan ... https://t.co/shsp02lcxv,;
2017-04-29 04:58:17,itusalah2017,Ahok Tertibkan Hunian Liar yang bikin Kumuh Jakarta... Anies Baswedan Marah dan Perintahkan Ahok untuk Lakukan iniâ€¦ https://t.co/v0xibYQdok,;
2017-04-20 04:31:20,muhamad_rendi,Saya Mendengar Kisa Pak Anies Baswedan Yg Diberhentikan Dari Kursi Menteri.Beliau Tidak Marah Dan Berusiaa ... https://t.co/ki2in9zoz2,;
2017-03-08 01:41:15,ojikjookiess,Anies Baswedan Ngeles Dan Marah Lalu Menyalahkan Kompas TV Padahal Dia Yang Dataang Terlambat https://t.co/RT46LAW0KX,;
"2017-02-24 03:26:20,andalasboys,""KABAR PAGI INI GEGER ,, ANIES BASWEDAN MARAH BESAR KE SANDIAGA UNO DAN MINTA SUPAYA SANDIAGA UNO MUNDUR JADI... https://t.co/O2lb7NdVcB"",;"
2017-02-08 04:17:01,Kritik,Semua kata-kata tersebut diucapkan anies baswedan  dengan mimik wajah marah dan penuh kebencian #AniesCagubBoneka sandiaga,['AniesCagubBoneka'];
2017-01-05 11:18:40,yovilon,Pendukung Ahok Ini Marah Dan Sebut Pandangan Negarawan Dan Intelektual Anies Baswedan Telah Habis https://t.co/pivhvc6cid,;
2017-01-05 11:18:40,demokrasicoid,Pendukung Ahok Ini Marah Dan Sebut Pandangan Negarawan Dan Intelektual Anies Baswedan Telah Habis https://t.co/fczg5pq86y,;
2017-01-05 11:06:14,PBSNIndonesia,Pendukung Ahok ini Marah Dan Sebut Pandangan Negarawan Dan Intelektual Anies Baswedanâ€¦ https://t.co/cbsij9llie https://t.co/pdtxz504ev,;
2016-11-26 00:22:16,SinyalBerita,Anies Baswedan: Saya Tidak Bisa Terima dan Marah Keras Atas Apa yang Terjadi di Negara Myanmar https://t.co/gFVxSDdQmr https://t.co/hQuPTEcBDR,;
2016-11-25 15:10:39,Bolafowes,Anies Baswedan: Saya Tidak Bisa Terima dan Marah Keras Atas Apa yang Terjadi di Myanmar https://t.co/Kl7sDuY9xt,;
"2016-10-13 05:17:27,wrahardian2,""@Breengoss itu karena Anies Baswedan amat munafik dan agak curang, dari UGM lebih banyak lagi yg marah dan mengecam Anies"",;"
"2016-06-15 19:01:28,TabloidSergap,""KETIKA MENTERI ANIS MARAH KEPADA ANAK BUAHNYA;"
Catatan:;
"Tulisan Menteri Pendidikan dan Kebudayaan Anies Baswedan... https://t.co/dHHhtXKMwN"",;"
"2015-12-19 20:50:21,AkipFirmanshah,""Baru ngeh, AA ini marah banget pada Presiden dan Anies Baswedan karena proposal projek G. Padangnya tdk didukung.  https://t.co/ynVXieFiVH"",;"
2015-07-29 00:35:29,Soniindrayana,Terimakasih kepada Mendikbud Anies Baswedan yang pagi ini sudah marah-marah dan menyuruh para siswa baru di Tanggerang nanggalin atribut MOS,;
2014-07-22 09:06:53,elhan23,@agus_noor @bluesmerbabu Kata mas anies Baswedan di Belakang Layar Pak Jkw Sebenarnya Suda Marah Dan Gak Percaya Sama Wowo.,;
"2014-05-30 09:33:04,deaedensor,""Beda pilihan figur itu normal,wajar &amp;""manusiawi.Santai saja","tidak perlu kecewa dan marah pada orang lain yg pilihannya berbeda.Anies Baswedan""""",2011-08-22 15:03:59,Nndpspt,"""""Kita tahu+marah saat alam dijarah asing"," tapi tahukah -dan marahkah- kita ttg rakyat tak tercerdaskan ?"""""""" -Anies Baswedan. #RealCare""""","['RealCare']"";"
"2010-10-25 21:53:44,_hilman,""Anies Baswedan: RT @hojinoke: """"to light acandle not cursing darkness"""";""mari kita nyalakan lilin dan obor","bukan hanya marah pada kegelapa""""","
"
