datetime,username,content,hastags
2022-10-08 15:04:09,DsSupriyady,"@SiKebongce @TsamaraDKI Relatif tenang, emosinya terjaga,tidak pernah marah,apalagi sampe melaporkan rakyat,dan ulama ,tidak pernah, gubernur yg sopan dan santun ,beda dg jokowi !
Gubernur DKI Anies Baswedan jelas Pendidikannya , silsilah keluarganya ini juga kebalikan dr jokowi, yg serba gak jelas.",
2022-10-08 14:58:55,DsSupriyady,"@SiKebongce @TsamaraDKI Setelah pilkada usai dan gubernur DKI Anies Baswedan menjabat,tidak ada Politik identitas,bahkan aku belum pernah sekalipun melihat Beliau marah saat menjabat,tidak seperti gubernur sebelumnya yg kerjaannya marah - marah dan mengeluarkan perkataan kotor , gubernur Anies ini...",
2022-10-07 22:28:41,Syinyo,"@OposisiCerdas Dia lagi menjalankan proyek menjatuhkan Anies Baswedan,  ya sudah jadi tanggung jawabnya, bikin kisruh, bikin marah , membolak-balikan pikirkan waras menjadi gila, mendungukan diri sendiri dan orang lain itulah tugasnya",
2022-10-05 01:15:09,OposisiCerdas,"Debat Denny Siregar Dan Niluh Djelantik Usui Surya Paloh Dukung Anies Baswedan Capres 2024, Marah?
https://t.co/skwmqyd0ac",
2022-10-04 12:12:28,FrediHadikusuma,"@ChusnulCh__ @ganjarpranowo Makin seru nih liat para cebong beriak kolamnya..macam cenul. Panik, sedih, was2, marah, dan mereka trs2an mengelu2kan ganjar yg belum jelas diusung siapa.. ğŸ¤ª
Ehh malah anies baswedan yg udah duluan dipinang nasdem..sakitnya tuh nyelekitttt pake bingitttt...hahahaha",
2022-10-04 09:35:00,democrazymedia,"Debat Denny Siregar Dan Niluh Djelantik Usui Surya Paloh Dukung Anies Baswedan Capres 2024, Marah?
https://t.co/nj4063lbzt",
2022-09-24 16:38:23,Karinbahary2,"Gua Betawi
Mereka Betawi
Dan Kita Anies Baswedan
Jangan Senggol Betawi Ya Ntar Bang Pitung Marah ğŸ˜ğŸ¤­ https://t.co/x0f8jqtoqe",
2022-09-22 00:44:41,andifathdar,"Tabloid politik anies baswedan masjid masjid bukan pelanggaran Pemilu 2024, karena belum ada penetapan kpu tentang paslon capres cawapres.ITU NAMANYA PRA-KAMPANYE, Dan Bukan Pelanggaran.
Boleh Iri Tabi Jangan Marah Karena Ntar Kamu Stroke, Bahaya Itu.",
2022-09-16 22:06:34,didickputra73,"@Geloraco InsyaAllah anies baswedan Calon Terkuat Presiden Dan Semoga Presiden Presiden Ri, Karena Suda Terbukti Bisa Memilih Jakarta Yangin Semakin Bagus Dan Maju.Beda Gargar Ganjar Pranowo Selama Memimpin Jateng Tidak Ada Prestasinya.Yang Ada Hanya Pencitraan.Jangan Marah Ya Bong ğŸ˜€",
2022-09-07 13:27:11,TbnHotlas,"@bambangmulyono2 rakyat Yang Mana Yang Kalian Bilan Marah, apa jakarta selain memindahkan nama jalan dan formula e yang tidak meruntingan rakyat dki jakarta.Soal Ahok Sudah membersihkannya bro karena kpk tidak ada menemukan bukti korupsi.",
2022-07-09 22:30:43,TauhidYusron,"Teman SMA Kagum, Anies Baswedan Tak Pernah Marah dan Bicara Kotor https://t.co/Jmhz1I9Thi",
2022-07-05 13:39:47,Relawananies,"Teman Sma Kagum, anies Baswedan Tak Pernah Marah Dan Bicara Kotor

https://t.co/eq3q62y8vi",
2022-07-05 00:28:32,kba_news,"Teman Sma Kagum, anies Baswedan Tak Pernah Marah Dan Bicara Kotor https://t.co/t3e8nojowg",
2022-07-02 10:37:24,KopiIte68213328,"Anies itu bekerja dengan Konsep yg matang.
Bukan suka nonton Bokep yg bikin otak tegang.
Anies itu penyabar perlu kita  dicontoh Dan tak suka marah marah .
Bukan suka menebar Foto diATM dan Bandara.
ANIES Baswedan is The Best
Salam akla sehat. https://t.co/khlVkvXmo8",
2022-07-01 00:46:01,wellymerukh,"Antara Marah Dan Ketawa
Marah Karna Politer Sara Meningkat Dilakukan Kaum2 Penjilat anies Baswedan Bapak Politik Identitas
Ketawa Karna Level Gubernur Kerjanya Cuma Bisa Bikin Gerbang Jalan https://t.co/yqas6z2uwp",
2022-06-14 08:45:40,AhmadNa80678561,"Dulu Ahok Mau Jadi Presiden Semua Orang Kok Diam Dan Tenjak Ada Alasan Apa-Apa ... Sekarang Bila Anies Baswedan Mau Nyalon Presiden Bermacam Tentemat Dan Fitnah Maranga Bikin Katananya """" Presiden Haruus Orang Jawa Jawa Kalau..",
2022-06-07 00:11:15,Gandawan,"Anies Baswedan Tampil Keren Delan Baju, Celana Dan Sepatu Biru.
Anies Baswedan Seksses Menghantar Indonesia Dan Jakarta Menjadi Panggung Balapan Formula-E.
Sementara Para Buzzerp, Nyinyier Dan Dalangnya, Tampil Gangan Hati Merah Marah Kedungu-Dunguan Atas Prestasi-Prestasi Anies.https://t.co/ilkp5gnczb",
2022-05-27 00:52:03,MocangTian,"@Mdy_Asmara1701 Anies Penyelamat Perubahan Indonesia ke depan.
Hanya Anies Baswedan yang berani Tutup Proyek Reklamasi Pantai Teluk Jakarta .Dan membuat Pengusaha Agung Podomoro marah besar kepada sdra Ahok .Karena Ahok berani memberikan  menjamin dan kemanan utk membangun pulau di teluk JKT.",
2022-05-12 08:33:16,Gandawan,"PDIP tersinggung dan melaporkan Sekda Kabupaten Dairi, Sumut, Budianta Pinem ke polisi usai menyebut Puan Maharani mengidap penyakit wasir atau ambeien lewat Facebook.
Harusnya PDIP juga tersinggung dan marah kepada Kader PDIP Ruhut Sitompul yang menghina Anies Baswedan.",
2022-05-12 08:33:03,Gandawan,"@DETIKCOM PDIP TERSINGUNG DAN MELAPORKAN SEKDA KABUPATEN DAIRI, SUMUT, BUDIANTA PINEM KE POLISI USAI MENYEBUT PUAN MAHARANI MEMIDAP PENIKIT WASIR ATAU AMBEIEN LEWAT Facebook.
Harusnya PDIP RUGA TERSINGUNG DAN MARAH KEPADA KADER PDIP RUHUT SITompul Yang Menghina Anies Baswedan.",
2022-05-08 01:47:17,Jaka212141,Marah karena minta sumbangan ke Anies baswedan dan di tolak,
2022-05-04 07:05:46,haris_zr,"@anton_wka @Helmi_Felis Warga ngg sopan tunjuk"" ke pak Anies Baswedan, walaupun ada rasa marah dan kecewa tetap kita harus saling menghargai dan menghormati, alhamdulillah beliau tetap dlm kebaikan dan kesabaran",
2022-04-29 06:51:36,mncrgknskl,"pak anies mustahil tidak tahu beberapa orang di sekitarnya memakai kaos bergambar dirinya dan bertuliskan 'anies baswedan presiden' ketika melakukan pembagian--jika benar--hand sanitizer di acara resmi pemprov dki; tapi jangankan marah, menegur pun tidak.",
2022-04-28 16:48:00,cR17imo,"Mureza522 @lrahmadsyahj2p @kurawa @ismailfahmi ini seperti kasus pki, Berawal Pelecehan Terhadap Agama Membuat Masyarakat Geram. Ang diserang anies baswedan",
2022-04-27 04:57:28,ayulest98766599,@jokowi @TsamaraDKI GOODBENER ANIES BASWEDAN emang keren ya pak .. wibawa .  amanah. ..tepatin janji dan shaleh ...walau di hujat ..di caci maki. di fitnah tiap menit oleh pendukung pak jokowi tetapi pak Anies tetap santuy ..gk pernah marah dan gk pernah mempermasalahkannya .,
2022-04-20 05:02:31,Reiza_Patters,"Lalu Berlanjut Cebong vs Kampret.Ini Biasa Awalnya, Lalu Penggunaan Istilah Kampret Perlahan Menghilan Dan Digantikan Dgn Istilah Kadrun.Kadal Gurun.Disematkan Kepada Pendukung Anies Baswedan, Oleh Orang2 Yg Sama Yg Bahkan Marah Jika Ada Peybutan Cina Utk Org Keturunan Cina",
2022-04-12 02:08:43,HendrawanSTB,"Pendukung anies baswedan adalah yg marah saat ratna sarumpaet digebukin ( ternyata ditipu ratna ) Dan Bahagia saat Ade Armando digebukin nyata2 oleh mereka. 

Sampai sini kita paham Siapa yg mendukung Anies.",
2022-04-07 10:05:04,panca66,Survei Hasil SMRC 3 Capres Pasangan - Cawapres Pasangan Anies Baswedan - Ahy Selalu Unggul Lawan Prabowo - Puan Dan Airlangga - Ganjar Atau Ganjar - Airlangga.Mas @chusnulch__ dkk pasti tambah marah sama anies - ahy nih ğŸ¤ªğŸ¤ªğŸ¤ª https://t.co/f4ynxkwrgg,
2022-04-03 15:30:54,bacautas,"Haloo @antontenabang02 ğŸ˜ƒğŸ‘‹ selamat membaca!
""~ Thread.
Pilpres 2024, Titik Balik Indonesia Bersama Anies Baswedan

Oleh Asyari Usman

Lelah Dan Jenuh.Bercampur Marah Bua.Rata-Rata Rakyat Merasa Seperti Itu.Jengkel Sekali Me ... ""https://t.co/3Qujw7nomk",
2022-03-21 08:05:31,Mbahhardiman,"@democrazymedia kalem cerdas tenjak pendendam tenjak makha marah meleDak, selalu Mendahulukan Hati Dan Nalar Penyabar Semua Di Lindungi Di Ayomi, Model Pemimpin Pak Anies Baswedan Sangat Di Butuhkan di Negaraa Indonia",
2022-03-17 00:56:10,Mbahhardiman,@siregar_elang Anies Baswedan bukan type pemimpin ngamukan lebay dan mudah marah,
2022-01-31 12:11:20,urip_harjito,"@Bramaneks @geiszchalifah ga sada, Buktinya Rocky Gerung Dan Anies Baswedan Sok Pinter Terbukti Pintar, Kalo Juki Sok Pintar Apalagi Berlagak Jadi Tuhan, Banjir Lebih Mudah Diatasi Jika Jadi Presiden.
Juki Yg Buat ATURAN, DIA Sendiri YG MARAH DGN ATURAN, MULUTYA JUKI EMANG DUBUR.",
2022-01-30 09:05:54,DTar169,"@Democrazymedia ga usah marah, Bahasa Politik emang gitu suka memutarbalikkan fakta, menangkan saja anies baswedan 2024 Nanti Dan Tumbangkan Pdip Selesai Perkara",
2022-01-17 01:56:13,ndoroAtmo,"Terjawab Besaran Tunjangan Anies Baswedan dan Wagub DKI, Angkanya Fantastis, Ketua DPRD DKI Kesal
https://t.co/68Yor5iXEv

0.15% dr APBD DKI Jakarta,
0.15% x Rp. 70 T = Rp. 105 M
105:12 = Rp. 8.75 Milyar per bulan ?

Emang DPRD DKI boleh marah dan nggak setuju ? Emang Rakyat ?",
2022-01-12 13:05:23,onomsalam2pas,"Hasto Sebut Tri Risma Dan Gibran Layak Gantikan Anies Baswedan, Pengamat Keduanya Tak ada Prestasi Menonjol Selain Marah-marah https://t.co/B7RIW7lfaT @PojokSatu
Covid-19
Rabu 12 Januari 2022
Ada 4.268.097
144.150 Meninggal
Kaesang
Kale
Ganja
Singapura
#PuasNdasmu
#PuasNdasmu","['PuasNdasmu', 'PuasNdasmu']"
2021-12-27 06:02:58,wisatakhalifa,Gw mah,
2021-12-11 12:57:30,kuatbastanta,"Memang Goblok Kok.
Biarin Aja Dia Marah Sampe Stroke, BG Ferdinand.
SEJARAH AKAN MENCATAT.
Anies Baswedan Dan Sebegitu Banyak Tgupp, Menghancurkan Jakarta Hanya Dalam Tempo 5 Tahun.",
2021-11-30 04:38:07,pelitakininews,"BASUKI TJAHAJA Purnama Buncam Gubernur Anies Baswedan, Ahok Disebut Marah Dan Muak?Begini faktanya

https://t.co/drgsvpku3i",
2021-11-29 06:51:03,TangselTerbaru,"BASUKI TJAHAJA Purnama Buncam Gubernur Anies Baswedan, Ahok Disebut Marah Dan Muak?Begini faktanya https://t.co/cvvobsmrfa",
2021-11-03 09:56:27,Byzanti32901422,"@aagym Benar A kebanyakan pembenci Jokowi begitu ""emosional "" mudah tersulut ,mudah jengkel mudah marah , susah reda kebencian nya ..., Dan di Jakarta pendukung Anies pun begitu mereka sllu emosional klo Anies Baswedan di kritik ...

Padahal jelas Anies gk kerja hanya kata dan kata ..",
2021-10-13 22:50:00,hartiwik71,@msaid_didu jd walkot dgn menteri kok perangai sama shj tho jol jol ... marah yg didahulukan ... sbg umat islam marah shat syaitan jol kajol ... COBA Contohi Pak Gubernur anies Baswedan .. terima dan DengaraH RaKaRah RaKyah RaKyah Marena Baswedan .. terima Masilarah Masilah RaKArAH RAKALAH RAKATAH ANIES BASWEDAN .. TERIMA MADIRAH RAKIRAH RAKALAH RAKATAH RAKATAH ANIES BASWEDAN .. TERIMA MADANAH MASALAH RAKIRAH RAKIRAH MADALAH RAKATAH ....,
2021-10-13 22:10:55,asma_hanik,"@msaid_didu Seorang menteri yg busanya hanya marah""... tdk menunjukkan wibawanya. Mending berhenti aja. Yg seperti ini yg dipersiapkan utk menggantikan ANIES B .. Mohon maaf aja... Beda jauh dan bkn kelas nya ANIES BASWEDAN. sy kira  .. Stlh jbtnnya ini gk bakal lanjut jd apa"" lg. ğŸ˜‹",
2021-10-08 22:16:04,MoonHandayani,@Tijabar Coba Simak Pak Anies Baswedan Bagaimana Kepemimpinan Beliau Dan Tuturkata Serta Cara Menyikapi Satu Masalah.BAGAIAMANA PULA MARAH MARAH NYA BELIAU PADA PELANGGAR PPKM Waktu ITU.Kenapa Tidak Dijadikan Contoh,
2021-10-08 08:04:39,Thalomoan1,"Marah ""Dan Memalukan Kata Mu Tapi Marah Nya Buat Pejabat Yg Kerja Nya Amburadul, Biarlah Marah"" Yg Pasti Masyarakat MISKIN SELALU MIJADI Prioritas Nya Dia Dia Bukan Anies Baswedan Si Raja Cuap !!",
2021-07-20 15:56:27,ShenoWirang,"Kenapa Anies Baswedan tidak marah, dia anggap ini sektor esensial. Dia kan selalu dibulak-balik dan dilebih-lebihkan cara kerjanya.

Pukimak...!!! https://t.co/93tZUJdXCL",
2021-07-10 00:35:24,BayuKoosyadi,"@VIVAcoid Penulisnya goblok, itu tegas bukan marah - marah, tidak ada kata cacian dan umpatan dari Anies Baswedan.",
2021-07-09 02:02:23,BangMorinaga,"Makanya nggak heran selama ini, dia kampanye lewat peti mati. Anies Baswedan kalau marah, bukannya menakutkan, tapi kelihatan lucu dan kocak.",
2021-07-07 04:01:28,koranjakarta_id,"Anies Baswedan Sidak Dan Marah-Marah Di Pt Ekuitas Kehidupan Yang Ternyata Adalah Peraturanaan Asuransi Jiwa Dan Kesehatan, Jadi Termasuk Sektor Usaha Esensial Dan Menurut Peraturan Diperbihkan Beroperasi.https://t.co/yddgdj4vke",
2021-07-06 15:50:06,yulfentri_munaf,"Tak terbayang, jika yang ada diposisi itu bukan @aniesbaswedan, tapi sidonatur telur. Mungkin dia bisa melotot, monyong dan marah sambil pecahin ribuan butir telur sampai PPKM berakhir. ğŸ˜‚ğŸ‘‡

Meledak Amarah Anies Baswedan saat Sidak ke Perkantoran https://t.co/c95zrkrgws",
2021-07-06 10:46:29,urbanasiacom,"Melihat masih ada pegawai di kantor non esensial yang masuk di masa PPKM darurat ini, Gubernur DKI Jakarta Anies Baswedan marah dan emanggil orang yang bertanggung jawab di perusahaan tersebut.
https://t.co/DwnPEIak0h",
2021-07-06 07:16:34,tribunnews,"ANIES BASWEDAN MARAH-MARAH

Saat sidak, ia mendapati kantor masih buka. ""Sekarang tutup kantor ya, dan katakan pada semua pulang taati aturan. Mengerti?,"" kata Anies yang disanggupi HRD Ray White Indonesia.

https://t.co/VbPQAjwqNf via @tribunnews",
2021-06-28 05:23:32,DahonoB,Memang Anies Baswedan berbeda dari yang lainnya...solusinya aneh...Peti Mayat...dan sekarang Selfi Kuburan...bagi mereka yang anggota keluarganya ada yg terinfeksi covid19...tentu akan marah..karena saat ini semua rumah sakit kewalahan terima pasien covid19.,
2021-06-13 08:22:57,prima_alqassam,"Seingat Saha, Di Antara Kesaman Bapak2 BerIKUT: Anies Baswedan, Irwan Prayno, Mahyeldi Ansharullah, Adalah Tenjak Pernah Tertangkap Kamia Marah-Marah Ke Bawahannya.Padahal Pasti Ada Yang Mencahak.Dan SBG Mantan Pemarah, Saya Pribadi Salut Akan Hal Ini.",
2021-05-26 08:03:36,Gandawan,"Hampir Tiap Hari Membuli anies Baswedan Delan Info Dan Nalar Ngawur.
Giliran Sempaknya Dibuli, Dia Marah, Dia Lapor Polisi.
DASAR ANAK KECIL.
Sanah Beli Cendol Dulu ... ğŸ˜‚ğŸ˜‚ğŸ˜‚ https://t.co/7lgcynsym",
2021-05-12 17:24:48,Pemuda_Depok,Anies Baswedan Marah dan Jemur Ratusan ASN Pemprov DKIÂ Jakarta https://t.co/WxeT4dX8hD,
2021-05-11 07:51:01,Deslini2,"@Jebulmania291 @aniesbaswedan anies baswedan Itukan Manusia Bermartabat, Dan Berkelas .. Terdidik Attitudenya, Indah Akhlaknya.
AKAN SANGAT SULIT MELIHAT BELIAU MARAH APALG KPD RAKYATYA..BAHKAN KPD SIAPAPUN ...",
2021-04-27 05:06:40,Anaksemut4,"@Pitung05907627 @marlina_idha @megapolitanpos kantor swasta yg punya anies baswedan buta yaa ...

Nanti Kalau Ada Psbb Lagi Yg Punya Kantor Dan Pemerintah Pusat Marah Sama Anies Lagi ....",
2021-04-17 02:47:41,Leonita_Lestari,"Psi, Pan, Golkar Dan Nasdem Mengzil Sikap untuk menolak pertanggungjawaban Yang disampaikan gubernur anies baswedan namun",
2021-04-10 04:28:39,ArSunantoaris,Ada sebungkus ketan yg disediakan padaku kubuka dan ku bercerita tentang Anies Baswedan dengan segala kehebatan dp 0% nya. Ketan menghitam dia marah :(( https://t.co/UmeQcIPlcz,
2021-03-07 03:11:53,Oposisi_Kecil,"@Dias_0612 @D1as_0812 @freedomland4141 @DosaAman @1966Arjuna @Enggang_Marah @DolfieOtay @nurdin_kapo @AzrielFirdaus3 @kang_bacot @Hiroman21 @Muktian3 @perangutan_ @bimbie141 @SiTampanAlfino1 @Lord_Sakto @54rwo_00 @Raj4wal10978_xl @___k1n9f4t1Ra7a @gobeth03 @Syam42933824 @MbahuRekso1796 @myputun @dhea_melienda @dragonb21395797 @StalistS @pujisopy1 @Democrazy211 @Liebe29688934 @chakraWijaya3 @LabuLainWaluh @irza_liberti @MEffendi03 @RachmatBawono @LurahTanpoWargo @DearReAkSe @Ulllufah_fan @karyawantree @Rum4y @r4wn4__o2o2 @jaluciparay @MJtuhMasJoko @2Lingkorizal ğŸ›‘ğŸ›‘ğŸ›‘_Oposisi_Kecil_ğŸ›‘ğŸ›‘ğŸ›‘

4. Menko PMK: Muhadjir Effendy

Menteri Pendidikan dan Kebudayaan Republik Indonesia pada Kabinet Kerja yang menjabat sejak 27 Juli 2016 menggantikan Anies Baswedan

#IndonesiaTerancamBangkrut
#IndonesiaTerancamBangkrut","['IndonesiaTerancamBangkrut', 'IndonesiaTerancamBangkrut']"
2021-03-07 03:04:30,Panglima_Minal,"@Dias_0612 @D1as_0812 @freedomland4141 @DosaAman @1966Arjuna @Enggang_Marah @DolfieOtay @nurdin_kapo @AzrielFirdaus3 @kang_bacot @Hiroman21 @Muktian3 @perangutan_ @bimbie141 @SiTampanAlfino1 @Lord_Sakto @54rwo_00 @Raj4wal10978_xl @___k1n9f4t1Ra7a @gobeth03 @Syam42933824 @MbahuRekso1796 @myputun @dhea_melienda @dragonb21395797 @StalistS @pujisopy1 @Democrazy211 @Liebe29688934 @chakraWijaya3 @LabuLainWaluh @irza_liberti @MEffendi03 @RachmatBawono @LurahTanpoWargo @DearReAkSe @Ulllufah_fan @Pedjoeang451 @Pasopati3131 @IbnuKat83533414 @pejuangreceeeh @mujahidPembela @KucinghitamKu20 @Mahmud3Tuan @MAWAR_Merah66 @AcepWaluyo @AntoSan1201 @Peri_AngsaPutih @HaziqMzyan @duta_kurniawan ğŸŒŸğŸŒŸğŸŒŸPanglima_MinalğŸŒŸğŸŒŸğŸŒŸ

4. Menko PMK: Muhadjir Effendy

Menteri Pendidikan dan Kebudayaan Republik Indonesia pada Kabinet Kerja yang menjabat sejak 27 Juli 2016 menggantikan Anies Baswedan

#IndonesiaTerancamBangkrut
#IndonesiaTerancamBangkrut","['IndonesiaTerancamBangkrut', 'IndonesiaTerancamBangkrut']"
2021-03-07 03:02:28,Panglima_Minal,"@D1as_0812 @DIAS_0612 @Freedomland4141 @dosaaman @1966arjuna @Enggang_marah @dolfieotay @nurdin_kapo @azrielfirdaus3 @kang_bacot @hiroman21 @mikantian3 @perordan_bacot @hiroman21 @mikantan3 @kangbacot @biranfies @kangoak @kangsot @biroman 00 @raj4wal10978_xl @___ k1n9f4t1ra7a @gobeth03 @syam42933824 @mbahurekso1796 @myputun @dhea_melienda @dragonb2139577STALISS @pujisopy1 @Democrazy211 @liebe29688934 @chakrawijaya3 @labulainwaluh @irza_liberti @meffendi03 @rachmatbawono @lurahtanpowargo @dearreaksse @ullufah_fanji111111 1177902 @ARY12_10 @SUEB_SOLEH @iwan02007 @kumis20191 @Kandar__fauzi @amburadul33 @dancerseJati1 @zahrillabung @dayatpondokğŸŒŸğŸŒŸğŸŒŸpanglima_minalğŸŒŸğŸŒŸğŸŒŸ

4. Menko PMK: Muhadjir Effendy

Menteri Pendidikan Dan Kebudayaan Republik Indonesia Pada Kabinet Kerja Yang Majabat Sejak 27 Juli 2016 Menggantikan Anies Baswedan

#Indonesiaterancambangkrut
#Indonesiaterancambangkrut","['IndonesiaTerancamBangkrut', 'IndonesiaTerancamBangkrut']"
2021-03-07 02:53:47,Tarida_Indah,"@D1as_0812 @Dias_0612 @freedomland4141 @DosaAman @1966Arjuna @Enggang_Marah @DolfieOtay @nurdin_kapo @AzrielFirdaus3 @kang_bacot @Hiroman21 @Muktian3 @perangutan_ @bimbie141 @SiTampanAlfino1 @Lord_Sakto @54rwo_00 @Raj4wal10978_xl @___k1n9f4t1Ra7a @gobeth03 @Syam42933824 @MbahuRekso1796 @myputun @dhea_melienda @dragonb21395797 @StalistS @pujisopy1 @Democrazy211 @Liebe29688934 @chakraWijaya3 @LabuLainWaluh @irza_liberti @MEffendi03 @RachmatBawono @LurahTanpoWargo @DearReAkSe @Ulllufah_fan @duta_kurniawan @KholwatNisa @idayu_wien @rekhmankhl @petirman15 @zidanedjuniorr @gentanggentong2 @Mustofanurd @deva_khrisna @bhakti_yudi @MuflyAhmad @Saadri4 â™¨ï¸â™¨ï¸â™¨ï¸_Tarida_Indah_â™¨ï¸â™¨ï¸â™¨ï¸

4. Menko PMK: Muhadjir Effendy

Menteri Pendidikan dan Kebudayaan Republik Indonesia pada Kabinet Kerja yang menjabat sejak 27 Juli 2016 menggantikan Anies Baswedan

#IndonesiaTerancamBangkrut
#IndonesiaTerancamBangkrut","['IndonesiaTerancamBangkrut', 'IndonesiaTerancamBangkrut']"
2021-02-23 07:29:29,kamikazeeeh,"Menteri Pekerjaan Umum Dan Perumatan Rakyat Basuki Hadimuljono Sempat Marah-Marah Karena Sulit Bekerja Sama Gukan Gubernur Dki Jakarta Anies Baswedan UNTUK MIangani Banjir Jakarta.

Kebayang Kanapa Banjir Muncul Terus Tiap Harinya?",
2021-02-21 19:20:56,bayu_ichszan,"Soal Banjir Jakarta, Sekjen Pdip Hasto Kristiyanto Sebut Ahok Dan Menteri Pupr Marah-Marah Ke Anies Baswedan |Portal Islam https://t.co/poq0utskda",
2021-02-21 10:11:19,Kusanto8,"Emang Ahok apa?
Bukanya Ada YG BILANG ""Mengatasi Banjir Jakarta Lebih Muda Jika Jadi Presiden?""

Soal Banjir Jakarta, Sekjen Pdip Hasto Kristiyanto Sebut Ahok Dan Menteri Pupr Marah-Marah Ke Anies Baswedan https://t.co/ekd5nmbyea",
2021-02-21 09:21:03,korangala,"Soal Banjir Jakarta, Sekjen Pdip Hasto Kristiyanto Sebut Ahok Dan Menteri Papr Marah-Marah Ke Anies Baswedan https://t.co/DK1VGTQ5R9 https://t.co/dnlcxxd8hd9",
2021-02-21 06:38:04,mncrgknskl,Sekjen PDIP Hasto Kristiyanto Mengungkap Menteri Pekerjaan Umum Dan Perumatan Rakyat Basuki Hadimuljono Sempat Marah-Marah Karena Sulit Berekerja Sama Delangan Gubernur Jakarta Anies Baswedan Untuk Mijernan BanjiKan Jakarta.,
2021-02-04 02:43:40,berita_diy,"Marah!Susi Pudjiastuti Tidak Terima Difitnah Jadi Cawapres anies Baswedan Dan Disingkat Asu.
#Susi #susipudjiastuti #aniesbaswedan #ANIES

https://t.co/ktr3vguftv","['Susi', 'SusiPudjiastuti', 'AniesBaswedan', 'Anies']"
2021-01-26 06:32:01,merdekadotcom,"HABIBUROKHMAN MARAH DENGAN KADER GERINDRA YANG MISTA ANIES MUNGUR: diam KAU!: Kabid Humas Lembaga Advokasi Dan Hukum Gerindra Ali Lubis Kembali Bikin Jengkel Rekan Septainya.Pemicunya, Ali Meminta Gubernur DKI Jakarta Anies Baswedan Mundur.https://t.co/jxf0uvlwon",
2021-01-24 03:04:27,ZakariaHalim17,"Tidak Udah Marah Marah Sama Anies Baswedan ..!
 Anies baswedan dipilih iheh orak jakarta dan tuhan ..ğŸ‘ğŸ‘ğŸ‘ğŸ‘https: //t.co/zzk9igfdhr",
2021-01-10 00:22:10,Shona39094647,"@RepublikaOnline menurut Saya, anies Baswedan Adalah Tokoh Yang Sangan Cerdas, Tegas, Lembut, Santun Dan Merakyat.Saya Belum Pernah Liat Beliau Kasih Liat Muka Marah, Baik Ke Staff-Nya Aplgi Ke Masyarakat Kota Jakarta.

Jakarta Cocok Dibawah Kendali Orang Bertangan Dingin Bukan Berwajah Dingin.https://t.co/1unqsrcyre",
2020-12-14 04:56:06,NanaAdelia5,"TAPI MASYARAKAT AKAL Sehat Jadi Muak Alang Kepalang Dan Marah.Terhadap Itu Semua, Apakah Pak JK Yang Dulu Mengusung Anies Baswedan (Seperti Pengakuananya Sendiri) Bisa Dan Berkenan untuk MengevalUasinya.",
2020-12-14 04:56:05,ErlyKhumalasari,"tapi masyarakat akal sehat jadi muak alang kepalang dan marah. Terhadap itu semua, apakah Pak JK yang dulu mengusung Anies Baswedan (seperti pengakuannya sendiri) bisa dan berkenan untuk mengevaluasinya.",
2020-12-14 04:56:03,mbok_minahh,"tapi masyarakat akal sehat jadi muak alang kepalang dan marah. Terhadap itu semua, apakah Pak JK yang dulu mengusung Anies Baswedan (seperti pengakuannya sendiri) bisa dan berkenan untuk mengevaluasinya.",
2020-11-29 05:13:10,_812ez4_P4hl3v1,"BARU, TADI MALAM...â€¼ï¸
Jakarta di bawah Anies Baswedan panen penghargaan. Bhumandala Award dari Badan Informasi Geospasial (BIG). 
Sampai mumet sirahku bikin kepsyen. Apa gosah diposting aja yaa. Takut ada yg marah dan ndleming ğŸ˜ğŸ˜ https://t.co/2FKMu5r1Q8",
2020-11-16 15:48:22,Hmmurahmurahhm2,"Lah Kalau Tak Diurus Kelompok
Mak Banteng 'Marah' !!! ğŸ”¨

Berita Swarakyat: Terlalu Sibuk Urus Hrs Dan Anies Baswedan, Jokowi ... https://t.co/u7xujgnpip",
2020-10-14 12:17:35,kebijakananies_,"Sekjen PDIP diberitakan heran, ada Kepala Daerah yang tenang2 saja melihat Fasum dirusak.

Anies Baswedan. Tetap tenang, tanpa marah-marah, dan lebih pilih kasih solusi. Tak hanya sampah pasca demo yang dibersihkan dalam hitungan jam. Infrastruktur rusak juga cepat diperbaiki. https://t.co/xbn18xnzyU",
2020-09-13 17:26:49,skybeforeyou,"â€¢Bintang dan Malamâ€¢

Senja memang kenyataannya terlihat sangat cantik. Hadirnya tenang memancing sang malam untuk menyampaikan rindu lewat bintang2. Tp tenang sj, kalau jadwalnya sudah rindu pasti aku akan datang. Jangan bosan2 dirumah, nanti pak Anies Baswedan marah.

#seulhun https://t.co/MrpXtZlpCa",['seulhun']
2020-09-13 04:18:52,Mas_zobirin,"@syahganda @tribunnews Pertanda cukong marah, BuzzeRp dan kakak pembina gagal menumbangkan goodbener Indonesia Anies Baswedan",
2020-09-11 23:10:17,beritaislamorg,Kebijakan Anies Baswedan Bikin Istana Naik Pitam dan Buzzernya Marah Besar https://t.co/oGsR1kwxoa,
2020-09-11 15:35:55,reformasimental,Benny K Harman: Kebijakan Anies Baswedan Bikin Istana Naik Pitam dan Buzzernya Marah Besar https://t.co/A6U3NgkB9Z,
2020-09-11 15:26:12,swarakyatcom,"Kebijakan Anies Baswedan Bikin Istana Naik Pitam Dan Buzzernya Marah Besar
https://t.co/i6ug9zverh",
2020-09-11 10:24:33,ZakariaHalim17,Anies Adalah Pilihan Tuhan .. Benny K Harman: Kebijakan Anies Baswedan Bikin Istana Naik Pitam Dan Buzzernya Marah Besar https://t.co/5dujbjbxtr,
2020-09-11 03:30:15,ZakariaHalim17,Anies Adalah Pilihan Tuhan .. Benny K Harman: Kebijakan Anies Baswedan Bikin Istana Naik Pitam Dan Buzzernya Marah Besar https://t.co/5duJbjkmbt,
2020-09-11 02:00:44,RepelitaO,Benny K Harman: Kebijakan Anies Baswedan Bikin Istana Naik Pitam Dan Buzzernya Marah Besar https://t.co/otb4yb1sc7 lewat @repelita,
2020-09-11 01:45:03,fajaronline,Benny K Harman: Kebijakan Anies Baswedan Bikin Istana Naik Pitam Dan Buzzernya Marah Besar https://t.co/zecdjjznv5,
2020-09-11 01:43:07,kabarpol,Benny K Harman: Kebijakan Anies Baswedan Bikin Istana Naik Pitam dan Buzzernya MarahÂ Besar https://t.co/qzPS212H0f,
2020-09-11 01:43:04,kabarpolitik,Benny K Harman: Kebijakan Anies Baswedan Bikin Istana Naik Pitam dan Buzzernya MarahÂ Besar https://t.co/bO1s3lrvRW,
2020-09-04 06:08:14,eradotid,"Gubernur DKI Jakarta anies Baswedan, Marah Dan Menutup Serta Mendenda Manajemen Kafe Terbalik Coffee Di Jalan Haji Nawi, Jakarta Selatan.https://t.co/h1ulzzrb11",
2020-08-27 13:40:48,iman100017,"@Geiszchalifah Amboy, Gak Perlu Marah-Marah Netizen Yang Mbully Pertamina Om @Dennysiregar7, CHOT AJA ANIES BASWEDA dan APARATURNYA.",
2020-08-22 12:07:13,Relawananies,"PAYA SAAT Situasi Apapun, anies Selalu Mengumbar Senyum Dan Terlihat Bahagia, Dan Ketika Ada Masalah Beliau Selalu Menghadapinya Gangan Tenang.

Tapi Bukan Berarti Anies Baswedan Tidak Bisa Marah, Hanya Saja Tidak Biasa Marah-Marah Apalagi Memarahi Orang Di Depan Orang Ramai.https://t.co/7c8y7efuny",
2020-08-17 02:18:41,BennyAzwar7,"Toperendusara1 @kebijakananies @sahabatanies_ @marlina_idha itulah pak anies Baswedan, Hatinya Bersan, tangruana, oMaknya, Otaknya, Otaknya, Otaknya, Otaknya, Otaknya, Otaknya Cerda, Otaknya, Otaknya, Otaknya Cerda, Otaknya, Otaknya Cerda, Otaknya, Otaknya Cerda, Otaknya, Otaknya, Otaknya, Otaknya, Otaknya Cerda, Otaknya, Otaknya, Ah Hati.NGGAK MARAH DI-BULLY.Semoga Allah SWT Senantiasa Melindungi Dan Meridhoi Perjuangan Beliau, Aamiin.",
2020-07-24 12:15:27,Joglosemarnews,"Marah Dan Geram, Anies Baswedan: Hai Kau Pendecut, Lihatkan Wajah Bayi 3 Bulan, Kini Dia Yatim!https://t.co/kuxglqqycj",
2020-07-20 07:03:03,LaeHoras_,"Saat Anies Baswedan mengaku orang Jawa, wabil khusus orang Yogyakarta, banyak sekali orang yang marah, nyinyir, dan mengejek. Saya justru tertawa terbahak, sekaligus meneteskan air mata. Justru terharu oleh kebodohan dan kesombongannya.",
2020-06-29 11:35:29,HukumDan,"Anies Baswedan Selama Jadi Gubernur Dki Tidak Pernah Terlihat Marah .. Menghadapi Persoalan Dan Penyelesian Masalah Gargan Sabar Dan Semua Bisa Terselesaika.
MARAH BUukan MASALAH JUSTHU Bikin
Ruwet Ruwet Ruwet
#ANIESMEMANGKEREN",['AniesMemangKeren']
2020-05-09 06:15:10,raj_dima,Menko PMK Muhadjir Effendy mengaku sempat bersitegang dan marah besar dengan Gubernur DKI Jakarta Anies Baswedan. Penyebabnya adalah ketidaksinkronan data mengenai penyaluran bantuan sosial (bansos) untuk masyarakat yang terdampak pandemi virus Corona (COVID-19) di Jakarta.,
2020-04-29 13:40:15,JoshuaIgho,"Saya, kalau udah lama nggak emosi dan pingin marah-marah, gampang caranya: buka Twitter. Baca ocehannya Anies Baswedan, Tengku Zulkarnaen, Hidayat Nurwahid, Fadli Zon, Said Didu, Rizal Ramli udah cukup buat mecahin gelas satu lusin.",
2020-04-20 01:51:30,mustain_masdar,"Gubernur anies baswedan sangiatlah beruntung, dosanya diambil para buzzer dan para pembenci beliau .... begitu legowonya beliau dibully dan dicaci maki, dia tidak pernah marah cuma disenyumin aja ...
Subhanallah, Semoga Allah SWT Melindungi Beliau ....",
2020-04-14 14:36:23,HukumDan,"Anies Baswedan Suda Jelas Berpihak Kepada Masyarakat Yang Berekonomi Lemah.Kaum Miskin Dan Rekan Miskin.
Kalau Ada Yang Dapat Bantuan Sembako Kemudian Marah Merasa Bantuan Masih Kurang.
Yakinlah Mereka Itu Jokower Ahoker Yang Gak Tau Diri
MISKUL DUNGU https://t.co/eggsncrs1x",
2020-04-08 01:36:52,DetaxId,[Hoax] Anies Baswedan Marah dan Jokowi Mengaku Dirinya Pembantu Tiongkok https://t.co/VSxbpFIs3Y via @DetaxId,
2020-03-27 15:23:02,FatihJufri,"@FerdinandHaean2 @mas_piyuuu @aniesbaswedan Yg di kritik yg memang benar dan jelas.. tapi loe nyerang @aniesbaswedan kadang gak pernah ada yg benar malah fitnah.. di situ lah perbedaan nya..

Anies baswedan waspada covid tapi kalian marah.. dia waspada covid demi rakyat nya di jakarta.. kenapa kalian marah..",
2020-03-27 08:04:09,yunankingstar1,"MAU TUNGGU ANIES DAN JOKOWI WIDODO DAN MARUF AMIN TUNGGU SAMPAI TAHUN SHIO MONYET JUGA KAGAK MUNCUL TUH ADA NYA MASKER DICURI OLEH ORANG DIGUDANG MEREKA SIMPAN INI NYATA LOH GUYS.JANGAN MARAH YA JOKOWI WIDODO,MARUF AMIN DAN ANIES BASWEDAN KALAU LU PADE MARAH GUA BISA LEBIH MARAH. https://t.co/l3UpM9oldk",
2020-03-26 23:16:07,fgembil,"Dari Mulai Anies Baswedan Yang Lo Hardik Secara Pribadi Dari Mulai Menghina Dia, Lo Edit Muka Dia Soakan Dia Tenggelam Di Banjir.Bro Biarkan Dia Sebagai Orang Yang Bersangkutan Menyelesaan Pekerjaan Dulu.Dan pas dia bikin kebijakan nutup semua tempat wisata di jkt lo marah?",
2020-03-19 04:28:39,abu_syfa,"@Haikals_OS @4smara1701 @aniesbaswedan Ada penguasa yang pernah dibawah asuhan dan bimbingan pak anies baswedan, tapi karena gak pinterÂ² juga , penguasa culas itu marah, lalu memecat gurunya sendiri..",
2020-02-29 23:35:54,Sofyar_irfs,"BELA ANIES BASWEDAN DAN SINDIR PSI Yang Bully Gubernur, Narasumber Di Ilc ini Dipuji Karni Ilyas

Hanya Cebong Dan Togog, Yang Menjadikan Musibah Lahan Untukur Menencari Makan.

Para Taikpan Marah Reklamasi Mati Suri, Mengerahkan Buzzer Bayaran.https://t.co/bpagvnyndf",
2020-02-27 17:57:47,sofyar_irfs2,"Reklamasi digagalkan Anies Baswedan,para cukong marah dan mengerjakan para penghianat bangsa ini yang bisa dibeli,untuk menjegal dan bully @aniesbaswedan",
2020-02-26 07:17:29,RepelitaO,"Komisi V Sangat Marah Sama Anies Baswedan, Ridwan Kamil dan Wahidin Halim https://t.co/McG3ji70PY lewat @Repelita",
2020-02-26 02:01:12,patriot016610,"atau di balas dengan cara apapun apalagi di laporkan dan itu tidak mungkin terjadi, marah saja Pak Anies Baswedan tidak pernah. 

Beliau Lebih baik bekerja dengan narasi gagasan ide untuk memberikan manfaat bagi masyarakat yg berkeadilan dan ada hal yang lebih penting untuk",
2020-02-25 15:11:14,SemutMerah007,"Muhammad Zazuli menyebut bahwa ekpresi korban banjir tersebut karena kecewa &amp; marah terhadap Gubernur DKI saat ini Anies Baswedan karena tidak becus dan gagal mengatasi banjir DKI yang sudah berjilid-jilid menghantam DKI Jakarta. 
#ILCSalahkanAnies",['ILCSalahkanAnies']
2020-02-08 08:27:04,alam_pado,"Gus Dur Dihina Dan Dicaci Santai Saja
H.AGUS SALIM DIHINA DICACI BIASA SAJA.
Sby Dihina Dan Dicaci Ngga Marah.
Anies Baswedan Dihina Dan Dicaci Cuek Saja.
Karena apa..mereka tak mau guy energi yg tak tak",
2020-01-19 01:22:24,eedo_realman,"@4smara1701 emang nya junjungan ente anies baswedan kagak marah-marah?Memperbaiki, ai anies langsung mecat mecatin orang bari marah-marah udah gitu bodoh pula dan gak bisa kerja ..!Majanya Dipecat Jadi Mentri ....",
2020-01-10 05:51:48,sandylovejofalo,"Semoga marah""nya gak cuma action.

Gegara Banjir, Anies Baswedan Bakal Mimpi Buruk Menghadapi Kemarahan Publik dan DPRD DKI https://t.co/5KSs8vaFcm",
2020-01-01 07:57:17,ichwankalimasad,"Dana penanggulangan banjir Jakarta, dipotong Anies Baswedan. Tahun 2018 dipotong 242 miliar rupiah dan tahun 2019 dipotong 500 miliar rupiah..

Seiman Gubernurnya, bahagia TGUPPnya..

https://t.co/L9DEtdMp0q

Air juga marah klo anggarannya dipotong

#BanjirJakarta",['BanjirJakarta']
2019-11-28 08:31:10,info_kita2,"Agnes Mo, Anies Baswedan dan Sukanto Tanoto dalam Nasionalisme Kita - 
Oleh : Syahganda Nainggolan (Sabang Merauke Circle)

Banyak tokoh-tokoh pegiat politik marah dengan Agnes Mo beberapa hari ini.... -https://t.co/rsNwzXdkUw ... https://t.co/z8KWFHIs5R",
2019-11-26 05:40:39,pasfm,"Gubernur DKI Anies Baswedan, menegur Deputi Gubernur Bidang Pariwisata dan Kebudayaan, Dadang Solihin, yg berdebat dengan para seniman Taman Izmail Marzuki terkait revitalisasi, yg videonya viral. Dadang mengaku sedang sakit sehingga suaranya serak dan terlihat seperti marah.",
2019-11-25 05:29:01,BSallsa,"GAK PUNYA SOPAN SATUN...! Staf Anies Baswedan Marah-marah Dan Ingin Pukul Orang Tua Di Acara Diskusi #Jakarta
#aniesbaswedan
#dkijakarta

https://t.co/OkDKzGQpgL","['Jakarta', 'aniesbaswedan', 'dkijakarta']"
2019-11-23 16:47:51,Indopolitika,Video Viral Diduga Staff Anies Baswedan Marah dan Bentak Seniman Beredar Â  https://t.co/PE1EMmuqYW https://t.co/Nd2s1NAD2g,
2019-11-23 16:47:42,Indopolitika,Video Viral Diduga Staff Anies Baswedan Marah dan Bentak Seniman Beredar  Â  https://t.co/7rimihE0Bq via @Indopolitika,
2019-11-13 13:02:25,yunankingstar1,Nasib Raja Yunan /Tan Kim Seng /Yunan Kamtibmas Dan Mitra Kamtibmas Seluruh Indonesia Sama Pak Jokowi Widodo Dan Pak Anies Baswedan Foto Di Edit Tapi Kami Kami Kami Kami Kami Kami Kami Kami Kami Kamum /Tan Kim /Tan Kam /Yunan Akasih https://t.co/arpmh7csvu,
2019-11-11 01:04:14,achmadaxl_99,"Anies Baswedan.Santun Sabar Dan Ramah, Gak Kayak Satunya Marah 2, Sok Paling Benar Dan Pinter, Dan Pinter Aktignya",
2019-11-09 07:44:01,yunankingstar1,"ANIES BASWEDAN TIDAK PUSING DAN MARAH WAJAH NYA DI UBAH JADI JOKER SEBAB ANIES BASWEDAN TIDAK MERASA ITU WAJAH DIRI NYA JADI ADE ARMANDO TIDAK BISA DI PROSES SECARA HUKUM SEBAB YANG BERSANGKUTAN TIDAK MERASA DAN MARAH ATAS DUGAAN KASUS JOKER 
https://t.co/ZcFJPJbvkS",
2019-11-08 13:28:20,KatolikG,"Yang marah saat jokowi dibikin gambar pinokio bisa ketawa saat anies baswedan dibikin joker,

Eh yg ketawa saat jokowi dibikin pinokio kini marah saat anies baswedan dibikin joker ...

Apa Sih Yang Kalian Cari Selain Dengki Dan Perengkaran?",
2019-10-04 22:59:44,Ronal_Trimayudi,"@w_runturambi @ishano80 @aniesbaswedan @jokowi Apk Anies Baswedan banding dgn jokowi
Seperti langit dan bumi. 

Dari segi Bahasa aja udah kalah telak, 
Mau bahasa Indonesia ataupun English. 

Segi wawasan apa lagi. 

Segi leadership tambah parah... 
ğŸ˜

Jgn marah bong, itu pendapat gw",
2019-08-06 14:09:34,Azhaeri,"Anies Baswedan Pernah Jadi Jubir Tim Pemenangan Jokowi-JK Di 2014.
Pertanyaanya:
APA PERAN BASUKI TJAHAJA Purnama Dalam Tim Pemenangan Jokowi-JK 2014 Dan Jokowi-Amin 2019.?!- Merasa Marah",
2019-08-02 01:54:21,IDactionfigure,"Ternyata .. Lokasi Pengincilan Gambarnya Di Bekasi, Tapi Kompas Dan Partai Nasi Adem Marah-Marahnya Ke Pak Anies Baswedan, Pakai Bawa-Bawa Walkot ... https://t.co/9buzunhxnzzz",
2019-07-24 13:11:04,RomansaRico,"Anies Baswedan hari ini:
1. ""Digandeng"" Gus Miftah
2. ""Dipromosiin"" Surya Paloh 

Tentu ada yg kaget
Tugas kita bukan kaget
Bukan marah dan kecewa pula

Tugas kita warga DKI adalah mengawal,memantau dan memberi saran pd tugas dan kewajiban beliau sbg Gub DKI.",
2019-07-18 01:07:02,yanharuta,"Terimakasih pak Anies Baswedan, membuat Jakarta Lebih Baik tanpa marah marah dan menyakitkan umat tertentu",
2019-05-25 11:54:53,theyeheskiel,@Cnnindonesia knp anies baswedan tidak penggutuk dan marah atas perbuatan parah perusuh merusak taman?Kalaupun di Perbaiki Lagi Tohh Anggraran Bukan Dari Kantong Pribadikan?Melainkan Menggunakan Anggraran rapbd jakarta.harusnya dia sebagai pimpinan dki 1 jam bersikap tegas!,
2019-05-23 21:24:43,dikbdig,"Salut buat gubernur Jakarta Anies Baswedan 
@aniesbaswedan 
Bekerja dan bersikap, tanpa perlu di liput media.
Bekerja tanpa perlu marah marah",
2019-04-27 02:55:49,Chlorn_3floride,KLO LOAT BERITA TENTANG PAK ANIES BASWEDA TEH SENENG LIHATYA .. GAG ADA MARAH-MARAH DAN EEK-EEK LAGI .. ğŸ˜†ğŸ˜¬,
2019-04-10 08:57:37,fikrifm23,"ğŸ‡®ğŸ‡© â¤ï¸ğŸ‘†â¤ï¸âœŒï¸â¤ï¸â˜ï¸ğŸ‡®ğŸ‡©

Heart: *The Three Musketeers of Indonesia* :heart:

*Anies Baswedan*

Cerdas, religius, kalem, jujur, dan emosinya selalu terjaga. Tidak pernah terlihat marah-marah, tapi juga tidak pernah... https://t.co/vC841aT4rP",
2019-03-30 08:26:28,kang_zam777,"3. Pemain Hanya Ahoker-Mafia Balai Kota Yang Marah Dan Merang.Sebabnya Lahan Korupsi Mereka Dipotong Anies Baswedan.
Hampir Dua Tahun Pasca Anies-Sandi Dilantik, Jakarta Tetap Jakarta.

#Pkivspancasila",['PKIvsPANCASILA']
2019-01-23 23:40:50,BudiHar44550607,"@Surveipolitikri gubernur Yang memikirkan rakyat adalah anies baswedan lebih berwibawa dan tanpa ada marah, lebih santun dalam berbicara",
2019-01-10 15:04:12,AmyAbbas7,"@Kpu_id @mas_abudiman @viryanazis @novida_evi @masws1533 @pramonoutan @hsym_asyari @arifhakim66 @robie2u @k_setyawan Buktikan, Dan Lkansanakan Uu Pemiliman Umum

KetaHuilah Jika Masyarakat Sangan Marah Gargan Di Panggilnya Anies Baswedan Oleh Bawaslu
#Saveaniesbaswedan",['SaveAniesBaswedan']
2019-01-08 09:25:07,Suryant54877528,@King54fir @aniesbaswedan Bawaslu Jangan Bermain API.Bersikaplah Yang Adil Dan Seimbang.Kalo anies baswedan kalian ancam sanksi pidana bAbaimana dergan kelompok sebelah jelas para kepala pemerintah di daerah gangan menancungkan tangga No. 01. Ingat umat islam akan marah bila tetap eksekusi,
2018-12-29 17:09:40,conan_idn,"@Mentimoen haelaaa bongg ,, mulut lu busuk.KOAR2 MerendaHkan Anies.Mata Lu Buta.OTAK LU SOMPLAK.Ahok Dan Walikota Singkawang Itu Suda Berapa Penghargaaan Dibanding Anies Baswedan @Mentimoen?
Tidak Ada Orang Pintar Dn Besar Didunia Tukang Marah Dimuka Umum.Etikanya Dimana?",
2018-12-17 02:15:35,KojekRapBetawi,"https://t.co/uwb0s5nket

setiap penyakit Bertemu mas anies baswedan stadion stadion selalu ada, karena insha allah swt roh ini penyakit jaga Sampai stadion Benar-Benar Ada Dan Semua Bisa Menikmati, Bukan NgoCeh-Ngoceh Marah Nuduh Gak Gak Gak Gaka Gaka Gaka Gak Gaka Gak Gak Gak Gak Gak",
2018-12-13 11:10:28,MVK_1225,"@mustofa_4riez @detikcom @prabowo Setuju Bro. Sperti waktu blg dipukul orang trnyata oplas (Ratna Sarumpaet), blg Prabowo tukang marah dan diikuti golongan yg tdk baik (Anies Baswedan), atau waktu blg Presiden pilihan Ummat trnyata gak bisa shalat ya (Prabowo). Munafik bener.",
2018-12-10 08:14:11,Ponirahmujahid1,@Hilmi28 @aniesbaswedan Maklum aja pak ustadz gubernur andalan mereka gak pny prestasi kecuali marah marah dan ngumpulin cebong di balaikota..jadi sakit hatinya pake banget kalo Anies Baswedan dapat penghargaan dan prestasi,
2018-12-02 17:20:42,Najwa_AlSaggaf,"@Edisantoso78edi @gunromli @kingsalman @os_alshuibi @ksamofaen @prabowo @aniesbaswedan @fadlizon dia Pake Arab, ane buta donkğŸ¤ª.
*Bahwa memang Benar Terjadi Pembakaran Ar-Rayah.JUGA TELAH DIVONIS 10 Hari.Apa yang disampaan iheh duta besar Arab saudi di indonesia bukanlah fitnah karena prabowo, anies baswedan dan fadli zon memang marah gangan pembakaran bendera tauhid.",
2018-10-09 03:00:03,ainunchomsun,"Kita harus hormat pada Presiden RI Joko Widodo, krn itu presiden yang sah sesuai UU. Sama juga kita harus hormat kpd Gubernur Anies Baswedan. Walaupun bukan pilihan kita. Kecewa, kritik, marah boleh aja. Pake caranya yg bener jangan merendahkan dan keluar konteks.",
2018-09-24 03:07:38,Bolalob,"Duka Dan Marah Anies Baswedan Atas Tewasnya Pendukung Persija
https://t.co/ho97knw9ve https://t.co/zpujsthh4s",
2018-09-24 02:42:02,rancahdotcom,Anies Baswedan Marah dan Berduka atas Tewasnya Suporter Persija di GBLA https://t.co/j3dvOSw0po,
2018-09-23 23:10:34,maklumatnews123,"Anies Baswedan : Jangan Ada Aksi Balasan, Meski Kita Kecewa dan Marah https://t.co/9Fvi7mBJp9 https://t.co/WzaASfM7ZF",
2018-08-19 14:40:58,burhanie74,"https://t.co/muipkvdkx5

*CATATRANKU*

*Anies Baswedan Dipersekusi untuk ke dua kalinya*

*WARGA DKI JAKARTA SANGAT KECEWA DAN MARAH BESAR*... https://t.co/muipkvdkx5",
2018-08-19 12:48:18,rosdiana_sri,"https://t.co/y8cdjehbnw

*CATATRANKU*

*Anies Baswedan Dipersekusi untuk ke dua kalinya*

*WARGA DKI JAKARTA SANGAT KECEWA DAN MARAH BESAR*
ğŸ˜¡ğŸ˜¡ğŸ˜¡ğŸ˜¡ğŸ˜¡ğŸ˜¡ğŸ˜¡ğŸ˜¡ ... https://t.co/otlmaoczxm",
2018-07-31 12:47:06,Benidictivity,Untung Pak Anies Baswedan santun dan gak pernah marah-marah. Jadi walaupun ada kasus pohon plastik yang menghabiskan milyaran rupiah dan kasus jalur sepeda ini tetap saja beliau tidak akan memarahi bawahannya. Yang penting santun. ğŸ˜Š,
2018-04-12 09:27:12,gato_pemula,"@khairul_1411 @gunromli @Suaraanies roflmao lu cuma ulangi omongannya si @suaraanies

Ini Berarti Kamu Tetap Ga Ngerti Kenapa Pak Gus Marah.

Jadi Skrg Yg Bego Siapa?

Lain Kali Belajar Berpikir Sendiri Yah.Jangan Jadi Pendukung Politeri Buta Dan Jadi Buzzer Anies Baswedan.Kalian Ga Beda DGN Ahokers.Selamat tinggal",
2018-04-04 11:32:20,TarotDarma,"Ratna Sarumpaet Main Jaelangkung.Jaelangkungnya Datang.Ibu Ratnanya Mencak-Prencak, Marah, Takut Dan Telpon Anies Baswedan.Jaelangkungnya Nganter Ibu Ratna Pulu Ke Rahat Sampai Selamat.",
2018-04-03 16:30:00,tribunjambiku,"VIDEO: Petugas Dishub Derek Mobilnya, Ratna Sarumpaet Marah dan Telepon Anies Baswedan https://t.co/BAbyVUG8p2 https://t.co/p88RRGvINo",
2018-04-03 14:09:46,otosia,"Viral, Ratna sarumpaet Marah Mobilnya Diderek dan Bilang Telepon Anies Baswedan

Ratna sempat marah-marah kepada petugas Dinas Perhubungan DKI Jakarta karena merasa tak salah memarkirkan mobilnya di pinggir jalan... https://t.co/Sf5qGkPj3d .",
2017-12-23 12:46:15,aling2507,Saya menambahkan video ke daftar putar @youtube https://t.co/5oa8ijd6lt anies baswedan marah Dan pusing delan banjir.MEMinta Bagaimana Cara,
2017-12-12 09:26:33,L3OF14N,"https://t.co/sQbNailQMt

Sejumlah perwakilan ormas dan kelembagaan masyarakat marah atas penundaan agenda makan siang bersama Gubernur DKI Jakarta Anies Baswedan. Kenapa ditunda?",
2017-12-12 08:01:32,dzoenow1993,"https://t.co/KhphoUKSip

Sejumlah Perwakilan Ormas Dan Kelembagaan Masyarakat Marah Atas Penundaan Agenda Makan Siang Bersama Gubernur Dki Jakarta Anies Baswedan.Kenapa Ditunda?",
2017-12-12 07:27:58,cagubnyinyir,"https://t.co/h3Mpew7PBk

Sejumlah perwakilan ormas dan kelembagaan masyarakat marah atas penundaan agenda makan siang bersama Gub. Anies Baswedan. Kenapa ditunda? @lau_irawan @SoffiAgus @MuhSujarw4 @hudattamini @senasurya53",
2017-12-12 07:26:15,semiaji_w,"https://t.co/5lvksu7dju

Sejumlah Perwakilan Ormas Dan Kelembagaan Masyarakat Marah Atas Penundaan Agenda Makan Siang Bersama Gubernur Dki Jakarta Anies Baswedan.Kenapa Ditunda?",
2017-11-11 07:05:32,zivarazalea15,Saya suka video @YouTube https://t.co/jS2vdCpaMT 'Penak Jaman Sopo' Buruh Marah Dikibulin Anies Baswedan Dan Minta Ahok Kembali -,
2017-11-05 04:29:02,BetulakanOnline,Saya suka video @YouTube https://t.co/X6sJz7BOHh 'Pak Jokowi Marah Besar' Belum Apa Apa Anies Baswedan Dan Sandiaga Uno Minta Tambahan,
2017-10-20 07:06:35,PujionoJS,"Kena Macet, Artis Muda Ini Marah-Marah Dan Protes Ke Anies Baswedan https://t.co/KKHFWHZLKC https://t.co/vabeojshhk",
2017-10-20 07:02:18,MSNindonesia,"Kena Macet, Artis Muda Ini Marah-Marah Dan Protes Ke Anies Baswedan https://t.co/f0hhdm3ruj https://t.co/gfprwjifws",
2017-10-16 22:45:33,FitriantoSolo,Komunitas tionghoa di jakarta marah atas ucapan anies baswedan yg di anggap rasis.dan meminta agar -agar Gubernur meminta maaf,
2017-09-03 06:05:01,MaryoSanjaya,Anies Baswedan Marah Besar Dan Inilah Seruan Serta Tuntutan Gubernur Dki Terpilih https://t.co/foo6rbnkyh,
2017-09-03 05:44:04,harijummaulana,Anies Baswedan Marah Besar dan Inilah Seruan Serta Tuntutan Gubernur DKI Terpilih https://t.co/LMDsQUC8Y5,
2017-09-03 05:43:09,dessyardian12,Anies Baswedan Marah Besar dan Inilah Seruan Serta Tuntutan Gubernur DKI Terpilih: Gubernur DKI Terpilih Aniesâ€¦ https://t.co/zNggwrS37K,
2017-09-03 05:43:06,goohasrin,Anies Baswedan Marah Besar dan Inilah Seruan Serta Tuntutan Gubernur DKI Terpilih https://t.co/PsxVXmCcOl,
2017-09-03 05:34:13,mhd_iqbal21,Anies Baswedan Marah Besar Dan Inilah Seruan Serta Tuntutan Gubernur Dki Terpilih https://t.co/3xfafxg8so,
2017-09-03 05:34:11,bertuahpos,Anies Baswedan Marah Besar Dan Inilah Seruan Serta Tuntutan Gubernur Dki Terpilih: Gubernur DKI Terpilihâ€¦ https://t.co/wzlfw61m1m #politik,['politik']
2017-09-03 05:23:03,dhevieeadek,Anies Baswedan Marah Besar Dan Inilah Seruan Serta Tuntutan Gubernur Dki Terpilih https://t.co/auzebkypl3,
2017-04-30 04:26:49,ferryone7,Ahok Tertibkan Hunian Liar Yang Bikin Kumuh Jakarta ... anies Baswedan Marah Dan Perintahkan Ahok Unkukan ... https://t.co/shsp02lcxv,
2017-04-29 04:58:17,itusalah2017,Ahok Tertibkan Hunian Liar Yang Bikin Kumuh Jakarta ... anies Baswedan Marah Dan Perintahkan Ahok Unkukan Iniâ€¦ https://t.co/v0xibyqdok,
2017-04-20 04:31:20,muhamad_rendi,Saya mendengar kisah pak Anies Baswedan yg diberhentikan dari kursi menteri. Beliau tidak marah dan berusaha... https://t.co/ki2in9zOz2,
2017-03-08 01:41:15,ojikjookiess,Anies Baswedan Ngeles Dan Marah Lalu Menyalahkan Kompas TV Padahal Dia Yang Dataang Terlambat https://t.co/RT46LAW0KX,
2017-02-24 03:26:20,andalasboys,"KABAR PAGI INI GEGER ,, ANIES BASWEDAN MARAH BESAR KE SANDIAGA UNO DAN MINTA SUPAYA SANDIAGA UNO MUNDUR JADI... https://t.co/O2lb7NdVcB",
2017-02-08 04:17:01,Kritik,Semua Kata-Kata Tersebut Diucapkan Anies Baswedan Delangan Mimik Wajah Marah Dan Penuh Kebencian #Aniescagubboneka Sandiaga,['AniesCagubBoneka']
2017-01-05 11:18:40,yovilon,Pendukung Ahok Ini Marah Dan Sebut Pandangan Negarawan dan Intelektual Anies Baswedan Telah Habis https://t.co/pIvhVc6CId,
2017-01-05 11:18:40,demokrasicoid,Pendukung Ahok Ini Marah Dan Sebut Pandangan Negarawan dan Intelektual Anies Baswedan Telah Habis https://t.co/fczG5PQ86y,
2017-01-05 11:06:14,PBSNIndonesia,Pendukung Ahok ini Marah Dan Sebut Pandangan Negarawan Dan Intelektual Anies Baswedanâ€¦ https://t.co/cbsij9llie https://t.co/pdtxz504ev,
2016-11-26 00:22:16,SinyalBerita,Anies Baswedan: Saya Tahat Bisa Terima Dan Marah Keras Atas Apa Yang Terjadi Di Negara Myanmar https://t.co/gfvxsddqmr https://t.co/HQUPTECBDR,
2016-11-25 15:10:39,Bolafowes,Anies Baswedan: Saya Tidak Bisa Terima dan Marah Keras Atas Apa yang Terjadi di Myanmar https://t.co/Kl7sDuY9xt,
2016-10-13 05:17:27,wrahardian2,"@Breengoss Itu karena anies baswedan Amat munafik dan agak curang, Dari ugm lebih banya lagi yg marah dan mengecam anies",
2016-06-15 19:01:28,TabloidSergap,"KETIKA MENTERI ANIS MARAH KEPADA ANAK BUAHNYA
Catatan:
Tulisan Menteri Pendidikan dan Kebudayaan Anies Baswedan... https://t.co/dHHhtXKMwN",
2015-12-19 20:50:21,AkipFirmanshah,"Baru Ngeh, aa ini marah banget pada presiden Dan anies baswedan karena proposal ProJek G. Padanganya tdk didkung.https://t.co/ynvxiefivh",
2015-07-29 00:35:29,Soniindrayana,Terimakasih kepada Mendikbud Anies Baswedan yang pagi ini sudah marah-marah dan menyuruh para siswa baru di Tanggerang nanggalin atribut MOS,
2014-07-22 09:06:53,elhan23,@agus_noor @bluesmerbabu kata mas anies baswedan di belakang layar pak jkw sebenarnya sudah marah dan gak percaya sama wowo.,
2014-05-30 09:33:04,deaedensor,"Beda Pilihan Figur It Normal, Warak & amp; manusiawi.santai Saja, Tidak Perlu Kecewa Dan Marah Pada Orang Lain Yg Pilihanya Berbeda.",
2011-08-22 15:03:59,Nndpspt,"""Kita tahu+marah saat alam dijarah asing, tapi tahukah -dan marahkah- kita ttg rakyat tak tercerdaskan ?"" -Anies Baswedan. #RealCare",['RealCare']
2010-10-25 21:53:44,_hilman,"Anies Baswedan: RT @hojinoke: ""Untuk menyalakan lilin yang tidak mengutuk kegelapan""; Mari Kita Nyalakan Lilin Dan Obor, Bukan Hanya Marah Pada Kegelapa",
